Date,Site,Country,Ad Exchange impressions,Ad Exchange clicks,Ad Exchange CTR,Ad Exchange revenue ($),Ad Exchange average eCPM ($),Ad Exchange ad requests,Ad Exchange match rate
11/1/24,cloudgaminghub.site,N/A,53,2,3.77%,0.04,0.72,76,81.58%
11/1/24,cloudgaminghub.site,Brazil,710,12,1.69%,1.56,2.20,"1,255",65.74%
11/1/24,cloudgaminghub.site,Canada,"6,980",187,2.68%,121.65,17.43,"12,768",78.08%
11/1/24,cloudgaminghub.site,China,4,0,0.00%,0.01,1.53,5,100.00%
11/1/24,cloudgaminghub.site,Czechia,3,0,0.00%,0.02,8.18,5,100.00%
11/1/24,cloudgaminghub.site,Finland,605,16,2.64%,17.05,28.19,847,84.65%
11/1/24,cloudgaminghub.site,France,"3,099",99,3.19%,37.29,12.03,"6,021",69.27%
11/1/24,cloudgaminghub.site,French Guiana,5,0,0.00%,0.01,2.02,7,100.00%
11/1/24,cloudgaminghub.site,Germany,"4,648",109,2.35%,127.78,27.49,"8,061",90.60%
11/1/24,cloudgaminghub.site,Greece,725,21,2.90%,3.98,5.49,"1,147",73.23%
11/1/24,cloudgaminghub.site,Guinea,2,0,0.00%,0.00,0.91,2,100.00%
11/1/24,cloudgaminghub.site,Iraq,9,1,11.11%,0.01,0.58,12,91.67%
11/1/24,cloudgaminghub.site,Italy,"3,684",88,2.39%,33.47,9.09,"5,186",86.68%
11/1/24,cloudgaminghub.site,Latvia,4,1,25.00%,0.03,7.42,5,100.00%
11/1/24,cloudgaminghub.site,Netherlands,"3,876",131,3.38%,78.34,20.21,"7,871",61.77%
11/1/24,cloudgaminghub.site,Singapore,"1,323",40,3.02%,10.85,8.20,"2,248",73.09%
11/1/24,cloudgaminghub.site,Switzerland,841,20,2.38%,33.40,39.72,"1,219",95.08%
11/1/24,cloudgaminghub.site,United Arab Emirates,19,1,5.26%,0.04,2.18,24,91.67%
11/1/24,cloudgaminghub.site,Ukraine,9,0,0.00%,0.01,0.65,12,83.33%
11/1/24,cloudgaminghub.site,United Kingdom,33,1,3.03%,0.80,24.38,41,92.68%
11/1/24,cloudgaminghub.site,United States,"3,108",72,2.32%,69.83,22.47,"4,347",87.62%
11/1/24,cloudgaminghub.site,Venezuela,15,2,13.33%,0.03,1.77,16,93.75%
11/1/24,funtimeh5.site,N/A,194,13,6.70%,0.17,0.88,234,96.58%
11/1/24,funtimeh5.site,Australia,3,0,0.00%,0.00,1.31,4,100.00%
11/1/24,funtimeh5.site,Brazil,532,17,3.20%,1.04,1.95,990,72.02%
11/1/24,funtimeh5.site,Canada,"1,603",52,3.24%,20.51,12.79,"2,373",85.63%
11/1/24,funtimeh5.site,Chile,670,11,1.64%,1.05,1.56,807,100.00%
11/1/24,funtimeh5.site,Estonia,3,0,0.00%,0.02,6.79,3,100.00%
11/1/24,funtimeh5.site,France,438,14,3.20%,3.90,8.90,533,82.18%
11/1/24,funtimeh5.site,Germany,"7,575",201,2.65%,106.15,14.01,"8,863",86.34%
11/1/24,funtimeh5.site,Greece,700,19,2.71%,2.76,3.94,791,89.51%
11/1/24,funtimeh5.site,India,6,0,0.00%,0.01,1.22,6,100.00%
11/1/24,funtimeh5.site,Iraq,7,1,14.29%,0.00,0.44,8,100.00%
11/1/24,funtimeh5.site,Italy,816,21,2.57%,6.56,8.04,833,98.68%
11/1/24,funtimeh5.site,Morocco,2,0,0.00%,0.00,0.55,4,100.00%
11/1/24,funtimeh5.site,Mozambique,3,0,0.00%,0.00,0.31,4,100.00%
11/1/24,funtimeh5.site,Netherlands,"5,575",167,3.00%,72.89,13.07,"6,937",81.00%
11/1/24,funtimeh5.site,Pakistan,90,2,2.22%,0.04,0.45,112,99.11%
11/1/24,funtimeh5.site,Qatar,3,0,0.00%,0.00,0.21,4,100.00%
11/1/24,funtimeh5.site,Romania,67,2,2.99%,0.52,7.70,67,100.00%
11/1/24,funtimeh5.site,Saint Kitts and Nevis,12,0,0.00%,0.01,0.85,12,100.00%
11/1/24,funtimeh5.site,Saudi Arabia,22,2,9.09%,0.02,0.97,26,100.00%
11/1/24,funtimeh5.site,Seychelles,7,0,0.00%,0.01,0.74,8,100.00%
11/1/24,funtimeh5.site,Singapore,706,18,2.55%,4.27,6.05,909,95.05%
11/1/24,funtimeh5.site,Spain,777,21,2.70%,4.13,5.31,791,100.00%
11/1/24,funtimeh5.site,Switzerland,"3,941",149,3.78%,90.41,22.94,"4,901",81.49%
11/1/24,funtimeh5.site,United Arab Emirates,6,1,16.67%,0.02,3.57,8,100.00%
11/1/24,funtimeh5.site,Turkmenistan,3,0,0.00%,0.00,0.26,4,100.00%
11/1/24,funtimeh5.site,Ukraine,6,0,0.00%,0.06,9.41,6,100.00%
11/1/24,funtimeh5.site,United Kingdom,"1,339",38,2.84%,10.94,8.17,"1,402",96.22%
11/1/24,funtimeh5.site,United States,"9,966",247,2.48%,197.88,19.86,"13,639",88.36%
11/1/24,funtimeh5.site,Yemen,3,0,0.00%,0.00,0.21,4,100.00%
11/1/24,skylandh5games.site,Australia,"5,213",148,2.84%,94.20,18.07,"7,543",77.97%
11/1/24,skylandh5games.site,Austria,"3,755",140,3.73%,84.02,22.37,"5,634",67.15%
11/1/24,skylandh5games.site,Brazil,615,22,3.58%,1.83,2.98,"1,272",55.82%
11/1/24,skylandh5games.site,Canada,"4,264",118,2.77%,70.11,16.44,"5,956",84.86%
11/1/24,skylandh5games.site,France,"2,946",122,4.14%,39.94,13.56,"4,371",67.42%
11/1/24,skylandh5games.site,Germany,"5,528",158,2.86%,111.68,20.20,"7,955",69.91%
11/1/24,skylandh5games.site,Greece,681,26,3.82%,5.06,7.42,"1,018",67.49%
11/1/24,skylandh5games.site,India,2,0,0.00%,0.00,0.85,2,100.00%
11/1/24,skylandh5games.site,Italy,"1,927",52,2.70%,25.73,13.35,"2,358",81.76%
11/1/24,skylandh5games.site,Sint Maarten,4,0,0.00%,0.00,0.91,5,100.00%
11/1/24,skylandh5games.site,Papua New Guinea,4,0,0.00%,0.00,0.51,5,100.00%
11/1/24,skylandh5games.site,Philippines,5,0,0.00%,0.00,0.36,5,100.00%
11/1/24,skylandh5games.site,Singapore,746,27,3.62%,5.98,8.02,"1,157",73.55%
11/1/24,skylandh5games.site,Ukraine,5,1,20.00%,0.03,5.42,5,100.00%
11/1/24,skylandh5games.site,United Kingdom,20,0,0.00%,0.22,11.21,26,76.92%
11/1/24,skylandh5games.site,United States,"4,257",97,2.28%,107.31,25.21,"5,581",89.54%
11/1/24,vanguardh5.site,N/A,52,1,1.92%,0.14,2.61,64,96.88%
11/1/24,vanguardh5.site,Algeria,5,0,0.00%,0.00,0.48,6,100.00%
11/1/24,vanguardh5.site,Brazil,549,14,2.55%,1.75,3.19,"1,068",63.20%
11/1/24,vanguardh5.site,Cameroon,3,0,0.00%,0.00,0.61,4,100.00%
11/1/24,vanguardh5.site,Canada,"5,592",190,3.40%,105.74,18.91,"10,055",81.22%
11/1/24,vanguardh5.site,China,11,0,0.00%,0.04,3.33,14,100.00%
11/1/24,vanguardh5.site,Costa Rica,8,0,0.00%,0.04,5.60,10,100.00%
11/1/24,vanguardh5.site,Finland,"1,352",66,4.88%,51.84,38.34,"1,510",90.00%
11/1/24,vanguardh5.site,France,"3,017",110,3.65%,37.81,12.53,"3,981",76.61%
11/1/24,vanguardh5.site,French Guiana,12,2,16.67%,0.04,3.70,12,100.00%
11/1/24,vanguardh5.site,Germany,"6,631",204,3.08%,138.38,20.87,"8,682",77.15%
11/1/24,vanguardh5.site,Greece,"1,187",43,3.62%,10.69,9.01,"1,608",74.38%
11/1/24,vanguardh5.site,Hong Kong,6,0,0.00%,0.00,0.72,7,100.00%
11/1/24,vanguardh5.site,Indonesia,539,23,4.27%,0.68,1.26,"1,111",56.26%
11/1/24,vanguardh5.site,Italy,6,1,16.67%,0.06,9.90,6,100.00%
11/1/24,vanguardh5.site,Sint Maarten,5,0,0.00%,0.01,2.26,6,100.00%
11/1/24,vanguardh5.site,Pakistan,4,0,0.00%,0.00,0.42,6,100.00%
11/1/24,vanguardh5.site,Poland,9,0,0.00%,0.01,1.11,9,100.00%
11/1/24,vanguardh5.site,Portugal,"1,016",38,3.74%,7.13,7.02,"1,633",62.46%
11/1/24,vanguardh5.site,Romania,3,0,0.00%,0.02,7.61,3,100.00%
11/1/24,vanguardh5.site,"Saint Helena, Ascension and Tristan da Cunha",3,0,0.00%,0.00,0.43,4,100.00%
11/1/24,vanguardh5.site,Saudi Arabia,3,0,0.00%,0.01,3.32,4,100.00%
11/1/24,vanguardh5.site,Sierra Leone,6,0,0.00%,0.00,0.64,8,100.00%
11/1/24,vanguardh5.site,South Africa,5,1,20.00%,0.02,3.13,6,100.00%
11/1/24,vanguardh5.site,Spain,14,1,7.14%,0.10,7.10,14,100.00%
11/1/24,vanguardh5.site,Sweden,10,1,10.00%,0.09,9.39,12,100.00%
11/1/24,vanguardh5.site,Switzerland,"3,514",152,4.33%,135.58,38.58,"3,846",92.56%
11/1/24,vanguardh5.site,United Arab Emirates,49,0,0.00%,0.39,7.95,64,100.00%
11/1/24,vanguardh5.site,Turkiye,3,0,0.00%,0.00,0.71,4,100.00%
11/1/24,vanguardh5.site,Turkmenistan,10,0,0.00%,0.00,0.44,12,100.00%
11/1/24,vanguardh5.site,Ukraine,11,3,27.27%,0.13,11.69,14,100.00%
11/1/24,vanguardh5.site,United Kingdom,"4,358",144,3.30%,61.94,14.21,"5,827",75.25%
11/1/24,vanguardh5.site,United States,"4,086",117,2.86%,118.70,29.05,"6,217",91.19%
11/1/24,vanguardh5.site,Venezuela,8,0,0.00%,0.01,1.07,10,100.00%
11/2/24,cloudgaminghub.site,N/A,107,1,0.93%,0.11,1.01,157,82.80%
11/2/24,cloudgaminghub.site,Argentina,4,0,0.00%,0.01,1.45,5,100.00%
11/2/24,cloudgaminghub.site,Armenia,7,0,0.00%,0.01,1.62,7,100.00%
11/2/24,cloudgaminghub.site,Brazil,835,17,2.04%,1.92,2.30,"1,258",75.99%
11/2/24,cloudgaminghub.site,Canada,"5,857",114,1.95%,96.26,16.44,"9,498",89.35%
11/2/24,cloudgaminghub.site,Finland,500,10,2.00%,14.19,28.39,645,88.99%
11/2/24,cloudgaminghub.site,France,"2,828",74,2.62%,38.85,13.74,"4,519",84.91%
11/2/24,cloudgaminghub.site,Germany,"5,534",133,2.40%,154.91,27.99,"9,836",94.60%
11/2/24,cloudgaminghub.site,Greece,874,27,3.09%,4.13,4.73,"1,184",84.46%
11/2/24,cloudgaminghub.site,Iraq,9,0,0.00%,0.00,0.55,12,100.00%
11/2/24,cloudgaminghub.site,Ireland,4,0,0.00%,0.15,38.33,5,100.00%
11/2/24,cloudgaminghub.site,Italy,"3,991",88,2.20%,38.52,9.65,"5,346",92.65%
11/2/24,cloudgaminghub.site,Jamaica,3,0,0.00%,0.00,1.27,5,80.00%
11/2/24,cloudgaminghub.site,Liechtenstein,4,0,0.00%,0.04,8.83,5,100.00%
11/2/24,cloudgaminghub.site,Malta,4,0,0.00%,0.03,6.46,5,100.00%
11/2/24,cloudgaminghub.site,Netherlands,"5,504",146,2.65%,112.40,20.42,"9,242",73.63%
11/2/24,cloudgaminghub.site,Singapore,"1,526",37,2.42%,12.31,8.06,"2,248",81.85%
11/2/24,cloudgaminghub.site,Switzerland,854,16,1.87%,32.89,38.52,"1,183",94.93%
11/2/24,cloudgaminghub.site,Ukraine,13,0,0.00%,0.02,1.51,17,88.24%
11/2/24,cloudgaminghub.site,United Kingdom,51,2,3.92%,0.54,10.57,75,96.00%
11/2/24,cloudgaminghub.site,United States,"2,836",59,2.08%,62.65,22.09,"3,936",89.15%
11/2/24,funtimeh5.site,N/A,227,14,6.17%,0.28,1.22,272,96.69%
11/2/24,funtimeh5.site,Brazil,678,16,2.36%,1.35,2.00,996,84.84%
11/2/24,funtimeh5.site,Canada,"1,777",48,2.70%,23.45,13.19,"2,357",94.61%
11/2/24,funtimeh5.site,Chile,735,19,2.59%,1.32,1.79,822,100.00%
11/2/24,funtimeh5.site,France,480,13,2.71%,4.75,9.91,555,86.67%
11/2/24,funtimeh5.site,Germany,"7,982",212,2.66%,118.68,14.87,"9,099",88.49%
11/2/24,funtimeh5.site,Greece,740,20,2.70%,3.52,4.76,767,97.26%
11/2/24,funtimeh5.site,India,18,0,0.00%,0.02,0.98,20,100.00%
11/2/24,funtimeh5.site,Ireland,3,0,0.00%,0.02,7.80,3,100.00%
11/2/24,funtimeh5.site,Italy,748,20,2.67%,6.10,8.16,772,97.93%
11/2/24,funtimeh5.site,Jordan,7,1,14.29%,0.01,0.86,8,100.00%
11/2/24,funtimeh5.site,Martinique,5,0,0.00%,0.03,5.11,5,100.00%
11/2/24,funtimeh5.site,Netherlands,"6,435",205,3.19%,92.42,14.36,"7,703",84.11%
11/2/24,funtimeh5.site,Sint Maarten,3,0,0.00%,0.00,1.37,4,100.00%
11/2/24,funtimeh5.site,Norway,5,0,0.00%,0.00,0.90,5,100.00%
11/2/24,funtimeh5.site,Pakistan,105,6,5.71%,0.05,0.50,140,92.14%
11/2/24,funtimeh5.site,Qatar,6,0,0.00%,0.01,1.49,6,100.00%
11/2/24,funtimeh5.site,Romania,57,2,3.51%,0.50,8.82,60,100.00%
11/2/24,funtimeh5.site,Saudi Arabia,33,1,3.03%,0.05,1.47,40,100.00%
11/2/24,funtimeh5.site,Seychelles,10,1,10.00%,0.01,0.93,10,100.00%
11/2/24,funtimeh5.site,Singapore,716,15,2.09%,5.02,7.01,930,94.62%
11/2/24,funtimeh5.site,Spain,807,22,2.73%,5.05,6.26,815,99.75%
11/2/24,funtimeh5.site,Switzerland,"3,470",154,4.44%,89.75,25.87,"4,289",81.67%
11/2/24,funtimeh5.site,United Arab Emirates,51,3,5.88%,0.65,12.84,58,100.00%
11/2/24,funtimeh5.site,Turkiye,9,0,0.00%,0.00,0.44,12,100.00%
11/2/24,funtimeh5.site,United Kingdom,"1,251",45,3.60%,11.73,9.37,"1,367",93.42%
11/2/24,funtimeh5.site,United States,"7,977",169,2.12%,177.52,22.25,"12,503",92.59%
11/2/24,funtimeh5.site,Uzbekistan,3,0,0.00%,0.00,0.32,4,100.00%
11/2/24,skylandh5games.site,N/A,12,0,0.00%,0.07,5.64,14,100.00%
11/2/24,skylandh5games.site,Antigua and Barbuda,4,0,0.00%,0.01,1.91,5,100.00%
11/2/24,skylandh5games.site,Australia,"3,971",123,3.10%,68.04,17.13,"5,802",76.63%
11/2/24,skylandh5games.site,Austria,"6,683",187,2.80%,156.06,23.35,"7,671",87.69%
11/2/24,skylandh5games.site,Brazil,809,20,2.47%,2.30,2.84,"1,274",73.31%
11/2/24,skylandh5games.site,Canada,"3,985",72,1.81%,69.99,17.56,"4,895",95.42%
11/2/24,skylandh5games.site,France,"2,892",98,3.39%,42.93,14.84,"3,161",91.62%
11/2/24,skylandh5games.site,Germany,"8,472",192,2.27%,177.07,20.90,"9,209",92.45%
11/2/24,skylandh5games.site,Greece,789,28,3.55%,5.05,6.40,967,82.11%
11/2/24,skylandh5games.site,Italy,"2,073",50,2.41%,29.53,14.24,"2,265",91.79%
11/2/24,skylandh5games.site,Jamaica,14,0,0.00%,0.02,1.60,14,100.00%
11/2/24,skylandh5games.site,Mexico,7,0,0.00%,0.02,2.50,7,100.00%
11/2/24,skylandh5games.site,Singapore,912,27,2.96%,8.54,9.36,"1,161",90.09%
11/2/24,skylandh5games.site,Spain,"1,378",24,1.74%,15.31,11.11,"1,381",100.00%
11/2/24,skylandh5games.site,Switzerland,6,0,0.00%,0.21,34.35,6,100.00%
11/2/24,skylandh5games.site,United Kingdom,"1,698",27,1.59%,27.29,16.07,"1,715",99.77%
11/2/24,skylandh5games.site,United States,"4,678",113,2.42%,119.59,25.56,"5,929",92.70%
11/2/24,skylandh5games.site,Yemen,4,0,0.00%,0.00,0.41,4,100.00%
11/2/24,vanguardh5.site,N/A,34,2,5.88%,0.09,2.67,47,95.74%
11/2/24,vanguardh5.site,Albania,3,0,0.00%,0.00,1.24,4,100.00%
11/2/24,vanguardh5.site,Bermuda,13,2,15.38%,0.36,27.95,16,100.00%
11/2/24,vanguardh5.site,Brazil,625,20,3.20%,1.83,2.92,"1,093",66.51%
11/2/24,vanguardh5.site,British Virgin Islands,5,0,0.00%,0.05,9.26,6,100.00%
11/2/24,vanguardh5.site,Cameroon,2,0,0.00%,0.00,0.15,4,75.00%
11/2/24,vanguardh5.site,Canada,"7,512",213,2.84%,148.31,19.74,"11,743",90.03%
11/2/24,vanguardh5.site,China,10,0,0.00%,0.06,5.72,13,92.31%
11/2/24,vanguardh5.site,Costa Rica,8,0,0.00%,0.07,8.65,10,100.00%
11/2/24,vanguardh5.site,Dominican Republic,3,0,0.00%,0.01,2.28,4,100.00%
11/2/24,vanguardh5.site,Estonia,9,1,11.11%,0.19,21.38,9,100.00%
11/2/24,vanguardh5.site,Finland,"1,341",64,4.77%,53.23,39.69,"1,461",92.68%
11/2/24,vanguardh5.site,France,"2,609",82,3.14%,35.01,13.42,"2,962",89.06%
11/2/24,vanguardh5.site,French Guiana,14,0,0.00%,0.03,2.17,14,100.00%
11/2/24,vanguardh5.site,Germany,"8,264",233,2.82%,171.71,20.78,"9,662",86.12%
11/2/24,vanguardh5.site,Greece,"1,292",40,3.10%,10.13,7.84,"1,513",85.46%
11/2/24,vanguardh5.site,Hong Kong,3,0,0.00%,0.00,0.85,4,100.00%
11/2/24,vanguardh5.site,Indonesia,562,22,3.91%,0.75,1.33,"1,056",61.65%
11/2/24,vanguardh5.site,Jamaica,3,0,0.00%,0.01,2.26,4,100.00%
11/2/24,vanguardh5.site,Liechtenstein,8,0,0.00%,0.14,17.56,8,100.00%
11/2/24,vanguardh5.site,Nigeria,3,0,0.00%,0.00,1.44,4,100.00%
11/2/24,vanguardh5.site,Portugal,"1,161",38,3.27%,8.18,7.04,"1,586",73.71%
11/2/24,vanguardh5.site,Puerto Rico,8,0,0.00%,0.08,10.53,10,100.00%
11/2/24,vanguardh5.site,Qatar,3,1,33.33%,0.00,0.64,4,100.00%
11/2/24,vanguardh5.site,"Saint Helena, Ascension and Tristan da Cunha",12,1,8.33%,0.02,1.74,14,100.00%
11/2/24,vanguardh5.site,Saint Kitts and Nevis,5,0,0.00%,0.01,1.41,6,100.00%
11/2/24,vanguardh5.site,Sierra Leone,3,0,0.00%,0.00,0.65,4,100.00%
11/2/24,vanguardh5.site,South Africa,5,0,0.00%,0.03,5.07,6,100.00%
11/2/24,vanguardh5.site,Spain,19,1,5.26%,0.32,16.68,19,100.00%
11/2/24,vanguardh5.site,Sweden,8,0,0.00%,0.09,10.89,8,100.00%
11/2/24,vanguardh5.site,Switzerland,"3,708",168,4.53%,150.47,40.58,"3,965",94.15%
11/2/24,vanguardh5.site,United Arab Emirates,30,0,0.00%,0.19,6.26,38,100.00%
11/2/24,vanguardh5.site,Turkmenistan,3,0,0.00%,0.00,0.51,4,100.00%
11/2/24,vanguardh5.site,Ukraine,6,0,0.00%,0.01,2.33,8,100.00%
11/2/24,vanguardh5.site,United Kingdom,"3,913",112,2.86%,56.04,14.32,"4,737",83.05%
11/2/24,vanguardh5.site,United States,"3,970",114,2.87%,119.65,30.14,"6,066",90.22%
11/2/24,vanguardh5.site,U.S. Virgin Islands,3,0,0.00%,0.05,16.97,4,100.00%
11/2/24,vanguardh5.site,Venezuela,5,0,0.00%,0.01,2.01,6,100.00%
11/3/24,cloudgaminghub.site,N/A,60,3,5.00%,0.12,2.05,83,84.34%
11/3/24,cloudgaminghub.site,Brazil,777,18,2.32%,2.09,2.70,"1,256",72.85%
11/3/24,cloudgaminghub.site,Cambodia,3,0,0.00%,0.00,0.41,5,100.00%
11/3/24,cloudgaminghub.site,Canada,"4,950",165,3.33%,79.06,15.97,"9,715",78.02%
11/3/24,cloudgaminghub.site,China,4,0,0.00%,0.01,1.27,5,100.00%
11/3/24,cloudgaminghub.site,Croatia,5,1,20.00%,0.03,5.84,5,100.00%
11/3/24,cloudgaminghub.site,Finland,475,16,3.37%,11.41,24.02,701,78.32%
11/3/24,cloudgaminghub.site,France,"2,314",68,2.94%,29.51,12.75,"3,711",83.13%
11/3/24,cloudgaminghub.site,French Guiana,3,0,0.00%,0.01,1.75,5,100.00%
11/3/24,cloudgaminghub.site,Germany,"7,094",173,2.44%,185.57,26.16,"12,929",92.77%
11/3/24,cloudgaminghub.site,Greece,699,31,4.43%,2.86,4.09,"1,222",64.32%
11/3/24,cloudgaminghub.site,Iraq,15,2,13.33%,0.01,0.44,22,95.45%
11/3/24,cloudgaminghub.site,Italy,"3,524",118,3.35%,30.40,8.63,"5,470",79.76%
11/3/24,cloudgaminghub.site,Jordan,4,0,0.00%,0.00,0.92,5,100.00%
11/3/24,cloudgaminghub.site,Netherlands,"6,064",167,2.75%,121.04,19.96,"10,206",71.50%
11/3/24,cloudgaminghub.site,Singapore,"1,373",44,3.20%,11.45,8.34,"2,378",70.86%
11/3/24,cloudgaminghub.site,South Africa,4,0,0.00%,0.01,1.91,5,100.00%
11/3/24,cloudgaminghub.site,Switzerland,836,22,2.63%,28.46,34.05,"1,220",91.97%
11/3/24,cloudgaminghub.site,United Arab Emirates,16,0,0.00%,0.02,1.45,25,84.00%
11/3/24,cloudgaminghub.site,Turkmenistan,6,0,0.00%,0.00,0.46,7,85.71%
11/3/24,cloudgaminghub.site,United Kingdom,42,2,4.76%,0.66,15.74,49,97.96%
11/3/24,cloudgaminghub.site,United States,"2,428",76,3.13%,57.69,23.76,"3,945",76.25%
11/3/24,funtimeh5.site,N/A,260,18,6.92%,0.25,0.97,320,95.94%
11/3/24,funtimeh5.site,Antigua and Barbuda,6,0,0.00%,0.01,1.96,6,100.00%
11/3/24,funtimeh5.site,Argentina,3,1,33.33%,0.00,1.06,4,100.00%
11/3/24,funtimeh5.site,Botswana,3,0,0.00%,0.00,0.51,4,100.00%
11/3/24,funtimeh5.site,Brazil,702,22,3.13%,1.57,2.24,"1,008",86.21%
11/3/24,funtimeh5.site,Myanmar (Burma),3,0,0.00%,0.00,0.36,4,100.00%
11/3/24,funtimeh5.site,Canada,"1,504",66,4.39%,19.68,13.09,"2,285",83.85%
11/3/24,funtimeh5.site,Chile,700,20,2.86%,1.12,1.60,807,100.00%
11/3/24,funtimeh5.site,China,9,1,11.11%,0.08,8.44,10,100.00%
11/3/24,funtimeh5.site,France,492,17,3.46%,4.29,8.71,575,85.57%
11/3/24,funtimeh5.site,Germany,"6,606",201,3.04%,86.74,13.13,"8,117",82.17%
11/3/24,funtimeh5.site,Greece,620,30,4.84%,2.74,4.41,778,80.46%
11/3/24,funtimeh5.site,Iraq,3,0,0.00%,0.00,0.26,4,100.00%
11/3/24,funtimeh5.site,Italy,719,28,3.89%,5.56,7.73,813,89.30%
11/3/24,funtimeh5.site,Oman,4,1,25.00%,0.01,1.79,4,100.00%
11/3/24,funtimeh5.site,Netherlands,"4,717",175,3.71%,66.34,14.06,"5,848",81.17%
11/3/24,funtimeh5.site,Pakistan,61,6,9.84%,0.02,0.39,81,96.30%
11/3/24,funtimeh5.site,Poland,8,0,0.00%,0.00,0.54,8,100.00%
11/3/24,funtimeh5.site,Qatar,3,0,0.00%,0.00,0.23,8,100.00%
11/3/24,funtimeh5.site,Romania,40,2,5.00%,0.23,5.70,40,100.00%
11/3/24,funtimeh5.site,Saudi Arabia,27,3,11.11%,0.06,2.24,30,100.00%
11/3/24,funtimeh5.site,Singapore,711,21,2.95%,4.56,6.41,958,93.74%
11/3/24,funtimeh5.site,Spain,808,29,3.59%,4.41,5.46,869,92.98%
11/3/24,funtimeh5.site,Switzerland,"4,432",185,4.17%,100.48,22.67,"5,614",79.50%
11/3/24,funtimeh5.site,United Arab Emirates,38,2,5.26%,0.21,5.51,50,100.00%
11/3/24,funtimeh5.site,Turkiye,3,0,0.00%,0.00,0.44,4,100.00%
11/3/24,funtimeh5.site,Ukraine,3,1,33.33%,0.00,0.26,4,100.00%
11/3/24,funtimeh5.site,United Kingdom,"1,223",41,3.35%,11.07,9.05,"1,323",93.42%
11/3/24,funtimeh5.site,United States,"7,727",195,2.52%,180.94,23.42,"14,333",85.03%
11/3/24,funtimeh5.site,U.S. Virgin Islands,3,0,0.00%,0.05,15.50,4,100.00%
11/3/24,skylandh5games.site,N/A,10,1,10.00%,0.00,0.39,15,86.67%
11/3/24,skylandh5games.site,Antigua and Barbuda,4,0,0.00%,0.01,2.95,5,100.00%
11/3/24,skylandh5games.site,Australia,"3,401",120,3.53%,61.00,17.94,"5,489",70.01%
11/3/24,skylandh5games.site,Austria,"5,680",220,3.87%,110.23,19.41,"8,862",64.44%
11/3/24,skylandh5games.site,Bermuda,7,0,0.00%,0.11,15.99,7,100.00%
11/3/24,skylandh5games.site,Brazil,764,23,3.01%,2.17,2.84,"1,276",68.65%
11/3/24,skylandh5games.site,Myanmar (Burma),4,0,0.00%,0.00,0.27,5,100.00%
11/3/24,skylandh5games.site,Cambodia,4,0,0.00%,0.00,0.46,5,100.00%
11/3/24,skylandh5games.site,Canada,"3,144",102,3.24%,51.34,16.33,"4,943",77.67%
11/3/24,skylandh5games.site,France,"2,262",65,2.87%,30.66,13.55,"2,713",83.67%
11/3/24,skylandh5games.site,Germany,"7,120",203,2.85%,128.06,17.99,"10,033",71.41%
11/3/24,skylandh5games.site,Greece,625,27,4.32%,4.14,6.62,"1,084",58.67%
11/3/24,skylandh5games.site,Italy,"1,752",64,3.65%,21.55,12.30,"2,490",70.60%
11/3/24,skylandh5games.site,Jamaica,11,0,0.00%,0.02,1.85,12,100.00%
11/3/24,skylandh5games.site,Jordan,5,1,20.00%,0.00,0.44,5,100.00%
11/3/24,skylandh5games.site,Sint Maarten,4,0,0.00%,0.01,1.28,5,100.00%
11/3/24,skylandh5games.site,Romania,4,1,25.00%,0.02,4.72,4,100.00%
11/3/24,skylandh5games.site,Singapore,734,32,4.36%,6.79,9.25,"1,260",67.06%
11/3/24,skylandh5games.site,Spain,"2,019",46,2.28%,14.90,7.38,"2,048",99.85%
11/3/24,skylandh5games.site,Ukraine,7,0,0.00%,0.00,0.59,7,100.00%
11/3/24,skylandh5games.site,United Kingdom,"2,506",58,2.31%,28.34,11.31,"2,524",99.80%
11/3/24,skylandh5games.site,United States,"4,042",131,3.24%,101.05,25.00,"6,085",77.35%
11/3/24,skylandh5games.site,Venezuela,4,0,0.00%,0.00,0.77,5,100.00%
11/3/24,vanguardh5.site,N/A,76,2,2.63%,0.09,1.20,101,95.05%
11/3/24,vanguardh5.site,Albania,10,0,0.00%,0.02,1.76,12,100.00%
11/3/24,vanguardh5.site,Austria,0,0,0.00%,0.00,0.00,3,100.00%
11/3/24,vanguardh5.site,Belgium,3,1,33.33%,0.00,0.40,3,100.00%
11/3/24,vanguardh5.site,Bermuda,22,1,4.55%,0.45,20.43,28,100.00%
11/3/24,vanguardh5.site,Brazil,582,20,3.44%,1.75,3.01,"1,088",62.32%
11/3/24,vanguardh5.site,Canada,"6,559",232,3.54%,126.69,19.31,"12,366",76.03%
11/3/24,vanguardh5.site,China,5,0,0.00%,0.02,3.84,6,100.00%
11/3/24,vanguardh5.site,Costa Rica,5,0,0.00%,0.06,12.54,6,100.00%
11/3/24,vanguardh5.site,Dominican Republic,5,0,0.00%,0.00,0.96,6,100.00%
11/3/24,vanguardh5.site,Estonia,6,1,16.67%,0.07,10.97,6,100.00%
11/3/24,vanguardh5.site,Finland,"1,310",62,4.73%,44.63,34.07,"1,674",79.33%
11/3/24,vanguardh5.site,France,"2,090",73,3.49%,26.09,12.48,"2,551",82.60%
11/3/24,vanguardh5.site,Germany,"7,243",251,3.47%,134.93,18.63,"10,577",69.18%
11/3/24,vanguardh5.site,Greece,923,51,5.53%,7.74,8.39,"1,630",57.18%
11/3/24,vanguardh5.site,Indonesia,575,32,5.57%,0.69,1.20,"1,048",66.03%
11/3/24,vanguardh5.site,Iraq,5,1,20.00%,0.00,0.53,6,100.00%
11/3/24,vanguardh5.site,Jordan,3,0,0.00%,0.00,0.68,4,100.00%
11/3/24,vanguardh5.site,Kyrgyzstan,3,0,0.00%,0.00,0.54,4,100.00%
11/3/24,vanguardh5.site,Liechtenstein,6,0,0.00%,0.09,14.39,6,100.00%
11/3/24,vanguardh5.site,Madagascar,3,1,33.33%,0.00,0.57,4,100.00%
11/3/24,vanguardh5.site,Mexico,3,1,33.33%,0.01,2.84,4,100.00%
11/3/24,vanguardh5.site,Netherlands,13,1,7.69%,0.07,5.45,13,100.00%
11/3/24,vanguardh5.site,Portugal,999,46,4.60%,6.60,6.61,"1,682",59.75%
11/3/24,vanguardh5.site,"Saint Helena, Ascension and Tristan da Cunha",13,1,7.69%,0.02,1.15,16,100.00%
11/3/24,vanguardh5.site,Saint Kitts and Nevis,3,0,0.00%,0.00,1.16,4,100.00%
11/3/24,vanguardh5.site,Sierra Leone,3,0,0.00%,0.00,0.91,4,100.00%
11/3/24,vanguardh5.site,South Africa,3,0,0.00%,0.01,2.44,4,100.00%
11/3/24,vanguardh5.site,Spain,6,0,0.00%,0.04,7.14,6,100.00%
11/3/24,vanguardh5.site,Sweden,11,2,18.18%,0.04,3.89,11,100.00%
11/3/24,vanguardh5.site,Switzerland,"3,803",195,5.13%,125.97,33.12,"4,435",86.38%
11/3/24,vanguardh5.site,United Arab Emirates,22,1,4.55%,0.09,4.32,28,100.00%
11/3/24,vanguardh5.site,Turkiye,8,0,0.00%,0.02,2.86,10,100.00%
11/3/24,vanguardh5.site,Turkmenistan,9,1,11.11%,0.00,0.39,12,100.00%
11/3/24,vanguardh5.site,United Kingdom,"2,861",115,4.02%,40.18,14.05,"4,149",69.63%
11/3/24,vanguardh5.site,Jersey,7,0,0.00%,0.20,28.60,7,100.00%
11/3/24,vanguardh5.site,United States,"3,507",136,3.88%,99.09,28.25,"6,331",78.01%
11/4/24,cloudgaminghub.site,N/A,107,1,0.93%,0.09,0.87,156,83.97%
11/4/24,cloudgaminghub.site,Brazil,897,16,1.78%,2.23,2.49,"1,236",85.44%
11/4/24,cloudgaminghub.site,Cameroon,3,0,0.00%,0.00,0.53,5,80.00%
11/4/24,cloudgaminghub.site,Canada,"3,789",91,2.40%,64.89,17.13,"6,272",90.35%
11/4/24,cloudgaminghub.site,Democratic Republic of the Congo,7,0,0.00%,0.01,0.82,7,100.00%
11/4/24,cloudgaminghub.site,Estonia,4,0,0.00%,0.02,5.54,5,100.00%
11/4/24,cloudgaminghub.site,Finland,454,11,2.42%,11.03,24.29,612,84.97%
11/4/24,cloudgaminghub.site,France,"1,687",43,2.55%,23.56,13.97,"2,442",88.94%
11/4/24,cloudgaminghub.site,French Guiana,7,0,0.00%,0.03,4.56,7,100.00%
11/4/24,cloudgaminghub.site,Germany,"8,989",161,1.79%,289.90,32.25,"14,877",95.03%
11/4/24,cloudgaminghub.site,Greece,814,21,2.58%,4.32,5.31,"1,162",80.64%
11/4/24,cloudgaminghub.site,Indonesia,3,0,0.00%,0.00,1.14,5,100.00%
11/4/24,cloudgaminghub.site,Iraq,5,1,20.00%,0.01,1.90,7,100.00%
11/4/24,cloudgaminghub.site,Italy,"2,730",69,2.53%,25.04,9.17,"3,847",84.79%
11/4/24,cloudgaminghub.site,Jamaica,7,0,0.00%,0.01,0.85,10,90.00%
11/4/24,cloudgaminghub.site,Mexico,4,0,0.00%,0.02,4.00,5,100.00%
11/4/24,cloudgaminghub.site,Netherlands,"6,633",194,2.92%,141.62,21.35,"11,536",70.44%
11/4/24,cloudgaminghub.site,Pakistan,3,0,0.00%,0.00,0.28,5,80.00%
11/4/24,cloudgaminghub.site,Saudi Arabia,10,0,0.00%,0.01,1.25,15,86.67%
11/4/24,cloudgaminghub.site,Singapore,"1,029",26,2.53%,9.88,9.60,"1,514",84.15%
11/4/24,cloudgaminghub.site,Spain,4,0,0.00%,0.00,0.85,5,100.00%
11/4/24,cloudgaminghub.site,Switzerland,"1,847",34,1.84%,65.94,35.70,"2,492",96.75%
11/4/24,cloudgaminghub.site,United Arab Emirates,15,0,0.00%,0.01,0.63,20,95.00%
11/4/24,cloudgaminghub.site,Ukraine,3,1,33.33%,0.00,0.75,5,80.00%
11/4/24,cloudgaminghub.site,United Kingdom,30,3,10.00%,0.55,18.24,39,97.44%
11/4/24,cloudgaminghub.site,United States,"3,175",72,2.27%,71.30,22.46,"4,501",88.27%
11/4/24,cloudgaminghub.site,Venezuela,9,1,11.11%,0.02,1.77,12,83.33%
11/4/24,funtimeh5.site,N/A,226,16,7.08%,0.30,1.34,254,99.61%
11/4/24,funtimeh5.site,Antigua and Barbuda,15,0,0.00%,0.02,1.35,16,100.00%
11/4/24,funtimeh5.site,Brazil,747,16,2.14%,1.63,2.19,"1,034",88.97%
11/4/24,funtimeh5.site,Cameroon,3,0,0.00%,0.00,0.73,8,100.00%
11/4/24,funtimeh5.site,Canada,"1,107",31,2.80%,16.50,14.90,"1,488",93.88%
11/4/24,funtimeh5.site,Chile,666,11,1.65%,1.80,2.70,796,99.12%
11/4/24,funtimeh5.site,France,497,13,2.62%,5.08,10.21,546,91.03%
11/4/24,funtimeh5.site,Germany,"4,088",137,3.35%,67.42,16.49,"5,439",75.62%
11/4/24,funtimeh5.site,Greece,737,20,2.71%,4.68,6.35,789,94.17%
11/4/24,funtimeh5.site,India,3,0,0.00%,0.00,0.33,4,100.00%
11/4/24,funtimeh5.site,Indonesia,4,0,0.00%,0.01,2.37,6,100.00%
11/4/24,funtimeh5.site,Ireland,3,0,0.00%,0.03,10.65,3,100.00%
11/4/24,funtimeh5.site,Italy,771,24,3.11%,6.47,8.40,838,93.08%
11/4/24,funtimeh5.site,Jordan,3,1,33.33%,0.00,0.80,4,100.00%
11/4/24,funtimeh5.site,Netherlands,"5,968",189,3.17%,94.37,15.81,"7,469",80.47%
11/4/24,funtimeh5.site,Sint Maarten,3,0,0.00%,0.00,1.60,4,100.00%
11/4/24,funtimeh5.site,Niger,4,0,0.00%,0.00,0.28,6,66.67%
11/4/24,funtimeh5.site,Pakistan,116,7,6.03%,0.09,0.81,141,95.74%
11/4/24,funtimeh5.site,Poland,8,0,0.00%,0.01,0.99,8,100.00%
11/4/24,funtimeh5.site,Qatar,4,1,25.00%,0.01,2.28,4,100.00%
11/4/24,funtimeh5.site,Romania,69,3,4.35%,0.59,8.48,69,100.00%
11/4/24,funtimeh5.site,Saint Kitts and Nevis,3,1,33.33%,0.00,0.67,4,100.00%
11/4/24,funtimeh5.site,Saudi Arabia,7,1,14.29%,0.03,4.37,8,100.00%
11/4/24,funtimeh5.site,Seychelles,3,0,0.00%,0.00,0.49,8,100.00%
11/4/24,funtimeh5.site,Singapore,726,17,2.34%,6.05,8.33,981,95.82%
11/4/24,funtimeh5.site,Spain,783,23,2.94%,5.70,7.28,844,94.79%
11/4/24,funtimeh5.site,Switzerland,"4,152",170,4.09%,112.13,27.01,"5,130",81.54%
11/4/24,funtimeh5.site,United Arab Emirates,41,7,17.07%,0.20,4.86,53,100.00%
11/4/24,funtimeh5.site,Turkiye,3,0,0.00%,0.00,0.74,8,100.00%
11/4/24,funtimeh5.site,Ukraine,10,2,20.00%,0.03,3.17,12,100.00%
11/4/24,funtimeh5.site,United Kingdom,"1,356",46,3.39%,13.10,9.66,"1,504",91.56%
11/4/24,funtimeh5.site,United States,"11,155",287,2.57%,242.63,21.75,"18,548",89.17%
11/4/24,skylandh5games.site,N/A,4,0,0.00%,0.00,0.73,5,100.00%
11/4/24,skylandh5games.site,Antigua and Barbuda,4,0,0.00%,0.00,0.72,5,100.00%
11/4/24,skylandh5games.site,Australia,"4,616",137,2.97%,86.14,18.66,"6,732",79.98%
11/4/24,skylandh5games.site,Austria,"5,848",242,4.14%,124.67,21.32,"7,759",75.89%
11/4/24,skylandh5games.site,Brazil,926,20,2.16%,2.85,3.07,"1,265",82.85%
11/4/24,skylandh5games.site,Canada,"2,264",58,2.56%,41.87,18.49,"2,937",91.93%
11/4/24,skylandh5games.site,China,11,0,0.00%,0.04,3.75,12,100.00%
11/4/24,skylandh5games.site,Dominican Republic,4,0,0.00%,0.01,2.88,5,100.00%
11/4/24,skylandh5games.site,France,"1,605",40,2.49%,24.20,15.08,"1,800",89.61%
11/4/24,skylandh5games.site,Germany,"7,313",213,2.91%,162.99,22.29,"10,241",71.72%
11/4/24,skylandh5games.site,Greece,793,23,2.90%,6.68,8.43,"1,008",78.77%
11/4/24,skylandh5games.site,Italy,"1,592",44,2.76%,20.00,12.56,"1,901",83.75%
11/4/24,skylandh5games.site,Jamaica,9,0,0.00%,0.02,2.14,10,100.00%
11/4/24,skylandh5games.site,Jordan,4,0,0.00%,0.01,1.40,5,100.00%
11/4/24,skylandh5games.site,Timor-Leste,4,0,0.00%,0.01,1.51,5,100.00%
11/4/24,skylandh5games.site,Singapore,926,29,3.13%,9.96,10.76,"1,189",89.74%
11/4/24,skylandh5games.site,Spain,"1,169",25,2.14%,11.30,9.67,"1,175",100.00%
11/4/24,skylandh5games.site,South Sudan,0,0,0.00%,0.00,0.00,5,20.00%
11/4/24,skylandh5games.site,Sweden,6,0,0.00%,0.01,2.26,6,100.00%
11/4/24,skylandh5games.site,United Arab Emirates,9,0,0.00%,0.07,8.03,9,100.00%
11/4/24,skylandh5games.site,United Kingdom,"1,706",36,2.11%,22.14,12.98,"1,753",98.40%
11/4/24,skylandh5games.site,United States,"4,980",116,2.33%,125.60,25.22,"6,681",87.95%
11/4/24,skylandh5games.site,Venezuela,2,0,0.00%,0.01,2.74,2,100.00%
11/4/24,vanguardh5.site,N/A,70,1,1.43%,0.14,2.01,88,93.18%
11/4/24,vanguardh5.site,Albania,5,0,0.00%,0.01,1.76,6,100.00%
11/4/24,vanguardh5.site,Austria,3,0,0.00%,0.01,2.14,3,100.00%
11/4/24,vanguardh5.site,Bermuda,3,0,0.00%,0.01,4.35,4,100.00%
11/4/24,vanguardh5.site,Brazil,709,17,2.40%,2.24,3.16,"1,019",85.08%
11/4/24,vanguardh5.site,Canada,"8,696",229,2.63%,185.52,21.33,"14,230",88.81%
11/4/24,vanguardh5.site,China,5,0,0.00%,0.02,4.98,6,100.00%
11/4/24,vanguardh5.site,Costa Rica,3,0,0.00%,0.02,6.01,4,100.00%
11/4/24,vanguardh5.site,Dominican Republic,10,0,0.00%,0.02,1.63,12,100.00%
11/4/24,vanguardh5.site,Estonia,3,0,0.00%,0.04,12.74,3,100.00%
11/4/24,vanguardh5.site,Finland,"1,222",56,4.58%,49.18,40.25,"1,345",91.15%
11/4/24,vanguardh5.site,France,"1,425",42,2.95%,20.73,14.54,"1,582",90.58%
11/4/24,vanguardh5.site,French Guiana,5,0,0.00%,0.02,3.27,5,100.00%
11/4/24,vanguardh5.site,Germany,"8,597",240,2.79%,198.35,23.07,"11,222",77.58%
11/4/24,vanguardh5.site,Greece,888,29,3.27%,8.31,9.35,"1,170",76.58%
11/4/24,vanguardh5.site,Indonesia,615,20,3.25%,0.87,1.41,"1,000",72.60%
11/4/24,vanguardh5.site,Iraq,6,1,16.67%,0.00,0.51,8,100.00%
11/4/24,vanguardh5.site,Jordan,11,1,9.09%,0.01,1.24,18,100.00%
11/4/24,vanguardh5.site,Liechtenstein,8,0,0.00%,0.15,19.23,8,100.00%
11/4/24,vanguardh5.site,Netherlands,5,0,0.00%,0.02,3.46,5,100.00%
11/4/24,vanguardh5.site,Paraguay,5,0,0.00%,0.01,2.75,6,100.00%
11/4/24,vanguardh5.site,Portugal,895,28,3.13%,6.54,7.31,"1,117",81.02%
11/4/24,vanguardh5.site,Qatar,3,0,0.00%,0.01,2.49,4,100.00%
11/4/24,vanguardh5.site,"Saint Helena, Ascension and Tristan da Cunha",5,0,0.00%,0.00,0.86,6,100.00%
11/4/24,vanguardh5.site,Saint Kitts and Nevis,5,0,0.00%,0.00,0.97,6,100.00%
11/4/24,vanguardh5.site,Saudi Arabia,6,2,33.33%,0.02,2.53,8,100.00%
11/4/24,vanguardh5.site,Spain,10,0,0.00%,0.09,9.46,10,100.00%
11/4/24,vanguardh5.site,Sweden,3,0,0.00%,0.00,0.40,3,100.00%
11/4/24,vanguardh5.site,Switzerland,"3,752",157,4.18%,151.69,40.43,"3,979",95.22%
11/4/24,vanguardh5.site,United Arab Emirates,36,2,5.56%,0.12,3.41,46,100.00%
11/4/24,vanguardh5.site,Turkiye,10,0,0.00%,0.04,3.66,12,100.00%
11/4/24,vanguardh5.site,Turkmenistan,6,0,0.00%,0.00,0.37,10,100.00%
11/4/24,vanguardh5.site,Ukraine,12,0,0.00%,0.07,6.21,16,100.00%
11/4/24,vanguardh5.site,United Kingdom,"2,372",62,2.61%,33.84,14.27,"2,805",85.85%
11/4/24,vanguardh5.site,United States,"5,157",128,2.48%,146.71,28.45,"7,924",90.21%
11/4/24,vanguardh5.site,Venezuela,10,0,0.00%,0.02,1.53,12,100.00%
11/5/24,cloudgaminghub.site,N/A,115,3,2.61%,0.28,2.39,169,79.29%
11/5/24,cloudgaminghub.site,Antigua and Barbuda,7,0,0.00%,0.06,8.47,7,100.00%
11/5/24,cloudgaminghub.site,Australia,458,14,3.06%,7.71,16.84,525,100.00%
11/5/24,cloudgaminghub.site,Bermuda,7,0,0.00%,0.02,3.07,7,100.00%
11/5/24,cloudgaminghub.site,Brazil,992,16,1.61%,3.38,3.41,"1,277",93.42%
11/5/24,cloudgaminghub.site,Cameroon,3,0,0.00%,0.00,0.65,5,80.00%
11/5/24,cloudgaminghub.site,Canada,"3,707",63,1.70%,71.51,19.29,"6,480",90.31%
11/5/24,cloudgaminghub.site,China,3,0,0.00%,0.00,1.46,10,90.00%
11/5/24,cloudgaminghub.site,Croatia,7,0,0.00%,0.15,21.88,7,100.00%
11/5/24,cloudgaminghub.site,Finland,354,9,2.54%,7.66,21.64,501,84.03%
11/5/24,cloudgaminghub.site,France,"1,280",27,2.11%,21.02,16.42,"1,929",89.37%
11/5/24,cloudgaminghub.site,Germany,"7,881",143,1.81%,317.49,40.29,"12,750",96.23%
11/5/24,cloudgaminghub.site,Greece,953,21,2.20%,6.69,7.02,"1,178",92.02%
11/5/24,cloudgaminghub.site,Hong Kong,3,0,0.00%,0.05,18.16,5,100.00%
11/5/24,cloudgaminghub.site,India,6,0,0.00%,0.00,0.48,7,85.71%
11/5/24,cloudgaminghub.site,Indonesia,6,0,0.00%,0.00,0.76,7,100.00%
11/5/24,cloudgaminghub.site,Iraq,12,0,0.00%,0.01,0.85,14,92.86%
11/5/24,cloudgaminghub.site,Italy,"2,201",48,2.18%,22.99,10.45,"3,014",89.91%
11/5/24,cloudgaminghub.site,Jamaica,4,0,0.00%,0.01,1.49,5,100.00%
11/5/24,cloudgaminghub.site,Lithuania,3,1,33.33%,0.01,2.81,5,100.00%
11/5/24,cloudgaminghub.site,Mexico,7,0,0.00%,0.03,4.21,7,100.00%
11/5/24,cloudgaminghub.site,Netherlands,"6,597",170,2.58%,161.88,24.54,"10,475",77.99%
11/5/24,cloudgaminghub.site,Niger,0,0,0.00%,0.00,0.00,1,0.00%
11/5/24,cloudgaminghub.site,Singapore,822,17,2.07%,9.19,11.18,"1,225",88.49%
11/5/24,cloudgaminghub.site,Switzerland,"1,498",32,2.14%,67.34,44.95,"2,104",95.77%
11/5/24,cloudgaminghub.site,United Arab Emirates,12,0,0.00%,0.02,1.85,14,92.86%
11/5/24,cloudgaminghub.site,Ukraine,13,0,0.00%,0.04,2.82,14,92.86%
11/5/24,cloudgaminghub.site,United Kingdom,262,6,2.29%,4.77,18.20,440,100.00%
11/5/24,cloudgaminghub.site,United States,"4,126",83,2.01%,101.50,24.60,"6,247",85.80%
11/5/24,funtimeh5.site,N/A,269,22,8.18%,0.44,1.64,314,99.68%
11/5/24,funtimeh5.site,Antigua and Barbuda,3,0,0.00%,0.00,0.96,4,100.00%
11/5/24,funtimeh5.site,Australia,341,19,5.57%,5.48,16.07,405,100.00%
11/5/24,funtimeh5.site,Botswana,6,0,0.00%,0.02,2.55,6,100.00%
11/5/24,funtimeh5.site,Brazil,775,17,2.19%,2.70,3.48,"1,030",94.95%
11/5/24,funtimeh5.site,Canada,"1,007",30,2.98%,18.08,17.95,"1,395",93.91%
11/5/24,funtimeh5.site,Chile,705,14,1.99%,2.16,3.06,842,98.69%
11/5/24,funtimeh5.site,China,18,0,0.00%,0.10,5.74,22,100.00%
11/5/24,funtimeh5.site,France,497,16,3.22%,5.81,11.68,541,92.24%
11/5/24,funtimeh5.site,Germany,"2,300",63,2.74%,39.96,17.37,"2,583",89.62%
11/5/24,funtimeh5.site,Greece,"1,894",60,3.17%,12.62,6.66,"1,972",97.52%
11/5/24,funtimeh5.site,Hong Kong,3,0,0.00%,0.03,9.67,4,100.00%
11/5/24,funtimeh5.site,India,2,0,0.00%,0.00,0.34,4,100.00%
11/5/24,funtimeh5.site,Indonesia,3,0,0.00%,0.01,2.10,4,100.00%
11/5/24,funtimeh5.site,Italy,753,19,2.52%,6.90,9.16,840,90.48%
11/5/24,funtimeh5.site,Jamaica,3,0,0.00%,0.00,1.03,4,100.00%
11/5/24,funtimeh5.site,Japan,494,18,3.64%,10.45,21.16,574,100.00%
11/5/24,funtimeh5.site,Lithuania,3,0,0.00%,0.03,11.11,3,100.00%
11/5/24,funtimeh5.site,Netherlands,"5,513",175,3.17%,99.40,18.03,"6,540",85.23%
11/5/24,funtimeh5.site,Pakistan,69,2,2.90%,0.04,0.59,88,98.86%
11/5/24,funtimeh5.site,Poland,6,0,0.00%,0.01,1.01,6,100.00%
11/5/24,funtimeh5.site,Romania,42,1,2.38%,0.39,9.26,43,97.67%
11/5/24,funtimeh5.site,Saint Kitts and Nevis,3,0,0.00%,0.00,0.77,4,100.00%
11/5/24,funtimeh5.site,Singapore,730,19,2.60%,6.74,9.23,964,96.99%
11/5/24,funtimeh5.site,Spain,803,26,3.24%,5.47,6.81,828,97.46%
11/5/24,funtimeh5.site,Switzerland,"4,365",181,4.15%,117.57,26.94,"5,570",79.23%
11/5/24,funtimeh5.site,United Arab Emirates,23,2,8.70%,0.11,4.89,28,100.00%
11/5/24,funtimeh5.site,United Kingdom,"1,472",43,2.92%,15.61,10.61,"1,641",92.32%
11/5/24,funtimeh5.site,United States,"11,522",303,2.63%,314.08,27.26,"18,738",89.14%
11/5/24,skylandh5games.site,N/A,7,2,28.57%,0.02,3.15,7,100.00%
11/5/24,skylandh5games.site,Antigua and Barbuda,4,0,0.00%,0.00,1.18,5,100.00%
11/5/24,skylandh5games.site,Australia,"4,345",100,2.30%,87.77,20.20,"5,677",86.98%
11/5/24,skylandh5games.site,Austria,"8,348",295,3.53%,202.24,24.23,"9,934",84.60%
11/5/24,skylandh5games.site,Belgium,287,14,4.88%,4.13,14.39,288,100.00%
11/5/24,skylandh5games.site,Bermuda,4,0,0.00%,0.02,4.04,5,100.00%
11/5/24,skylandh5games.site,Brazil,"1,037",18,1.74%,4.96,4.79,"1,255",94.10%
11/5/24,skylandh5games.site,Myanmar (Burma),5,0,0.00%,0.00,0.56,5,100.00%
11/5/24,skylandh5games.site,Cambodia,4,0,0.00%,0.00,0.83,5,100.00%
11/5/24,skylandh5games.site,Canada,"1,227",31,2.53%,24.17,19.70,"1,619",90.18%
11/5/24,skylandh5games.site,Chile,261,6,2.30%,0.84,3.24,294,100.00%
11/5/24,skylandh5games.site,China,11,0,0.00%,0.02,1.83,14,92.86%
11/5/24,skylandh5games.site,Croatia,10,1,10.00%,0.95,95.08,10,100.00%
11/5/24,skylandh5games.site,France,"1,164",24,2.06%,19.93,17.13,"1,228",95.60%
11/5/24,skylandh5games.site,Germany,"10,753",218,2.03%,261.78,24.35,"11,585",93.35%
11/5/24,skylandh5games.site,Greece,911,24,2.63%,8.17,8.97,"1,029",89.12%
11/5/24,skylandh5games.site,Guatemala,4,0,0.00%,0.01,1.52,5,100.00%
11/5/24,skylandh5games.site,Guyana,4,0,0.00%,0.01,1.85,5,100.00%
11/5/24,skylandh5games.site,Hong Kong,4,0,0.00%,0.01,1.84,5,100.00%
11/5/24,skylandh5games.site,Italy,968,28,2.89%,13.25,13.69,"1,070",91.78%
11/5/24,skylandh5games.site,Jamaica,4,1,25.00%,0.00,1.18,5,100.00%
11/5/24,skylandh5games.site,Mexico,4,0,0.00%,0.03,8.05,5,100.00%
11/5/24,skylandh5games.site,Sint Maarten,4,0,0.00%,0.01,1.62,5,100.00%
11/5/24,skylandh5games.site,Philippines,4,0,0.00%,0.01,2.65,5,100.00%
11/5/24,skylandh5games.site,Singapore,982,25,2.55%,11.93,12.14,"1,236",95.55%
11/5/24,skylandh5games.site,Spain,797,19,2.38%,8.56,10.74,825,98.06%
11/5/24,skylandh5games.site,United Arab Emirates,8,0,0.00%,0.06,7.81,10,100.00%
11/5/24,skylandh5games.site,United Kingdom,"1,380",31,2.25%,22.67,16.43,"1,443",96.81%
11/5/24,skylandh5games.site,United States,"5,782",129,2.23%,167.94,29.04,"8,068",83.99%
11/5/24,skylandh5games.site,Venezuela,12,0,0.00%,0.02,1.38,15,100.00%
11/5/24,vanguardh5.site,N/A,55,2,3.64%,0.12,2.24,79,88.61%
11/5/24,vanguardh5.site,Albania,6,0,0.00%,0.01,1.39,8,100.00%
11/5/24,vanguardh5.site,Antigua and Barbuda,3,0,0.00%,0.00,1.26,4,100.00%
11/5/24,vanguardh5.site,Australia,3,0,0.00%,0.01,2.25,4,100.00%
11/5/24,vanguardh5.site,Brazil,778,14,1.80%,3.18,4.09,"1,043",96.07%
11/5/24,vanguardh5.site,Cameroon,3,0,0.00%,0.00,1.00,3,100.00%
11/5/24,vanguardh5.site,Canada,"7,922",229,2.89%,176.77,22.31,"14,020",83.87%
11/5/24,vanguardh5.site,China,13,0,0.00%,0.02,1.68,17,94.12%
11/5/24,vanguardh5.site,Costa Rica,11,2,18.18%,0.08,7.34,14,100.00%
11/5/24,vanguardh5.site,Finland,"1,939",89,4.59%,79.00,40.74,"2,355",83.40%
11/5/24,vanguardh5.site,France,"1,033",29,2.81%,15.47,14.97,"1,110",93.42%
11/5/24,vanguardh5.site,French Guiana,3,0,0.00%,0.01,3.01,3,100.00%
11/5/24,vanguardh5.site,Germany,"9,083",234,2.58%,215.30,23.70,"11,364",80.46%
11/5/24,vanguardh5.site,Greece,636,21,3.30%,6.25,9.83,799,79.85%
11/5/24,vanguardh5.site,Hong Kong,3,0,0.00%,0.01,3.35,4,100.00%
11/5/24,vanguardh5.site,India,5,0,0.00%,0.01,1.02,6,100.00%
11/5/24,vanguardh5.site,Indonesia,723,23,3.18%,1.18,1.63,"1,045",85.65%
11/5/24,vanguardh5.site,Ireland,3,0,0.00%,0.03,9.00,3,100.00%
11/5/24,vanguardh5.site,Italy,6,0,0.00%,0.06,9.71,6,100.00%
11/5/24,vanguardh5.site,Jamaica,3,0,0.00%,0.01,1.95,4,100.00%
11/5/24,vanguardh5.site,Japan,461,19,4.12%,19.76,42.86,592,100.00%
11/5/24,vanguardh5.site,Liechtenstein,5,0,0.00%,0.14,27.07,5,100.00%
11/5/24,vanguardh5.site,Morocco,5,0,0.00%,0.01,1.18,6,100.00%
11/5/24,vanguardh5.site,Netherlands,337,15,4.45%,7.50,22.25,337,100.00%
11/5/24,vanguardh5.site,Portugal,643,24,3.73%,4.80,7.46,826,78.09%
11/5/24,vanguardh5.site,Romania,9,1,11.11%,0.03,3.05,9,100.00%
11/5/24,vanguardh5.site,"Saint Helena, Ascension and Tristan da Cunha",3,0,0.00%,0.00,0.73,4,100.00%
11/5/24,vanguardh5.site,Saint Kitts and Nevis,5,0,0.00%,0.01,1.12,6,100.00%
11/5/24,vanguardh5.site,Anguilla,3,0,0.00%,0.01,2.46,4,100.00%
11/5/24,vanguardh5.site,Spain,11,0,0.00%,0.08,7.45,11,100.00%
11/5/24,vanguardh5.site,Sweden,3,0,0.00%,0.00,1.28,3,100.00%
11/5/24,vanguardh5.site,Switzerland,"4,421",156,3.53%,174.66,39.51,"4,806",92.47%
11/5/24,vanguardh5.site,United Arab Emirates,18,1,5.56%,0.06,3.16,22,100.00%
11/5/24,vanguardh5.site,Turkiye,3,0,0.00%,0.01,2.17,4,100.00%
11/5/24,vanguardh5.site,Turkmenistan,3,0,0.00%,0.00,0.14,4,100.00%
11/5/24,vanguardh5.site,Ukraine,5,0,0.00%,0.00,0.72,6,100.00%
11/5/24,vanguardh5.site,United Kingdom,"1,633",47,2.88%,26.34,16.13,"2,060",80.53%
11/5/24,vanguardh5.site,United States,"6,103",191,3.13%,169.99,27.85,"11,538",79.50%
11/6/24,cloudgaminghub.site,N/A,132,10,7.58%,0.24,1.84,194,80.41%
11/6/24,cloudgaminghub.site,Antigua and Barbuda,4,0,0.00%,0.00,0.56,5,100.00%
11/6/24,cloudgaminghub.site,Australia,"2,614",52,1.99%,47.64,18.22,"3,040",99.70%
11/6/24,cloudgaminghub.site,Belgium,2,0,0.00%,0.02,9.94,5,100.00%
11/6/24,cloudgaminghub.site,Brazil,"1,007",12,1.19%,2.97,2.95,"1,284",92.13%
11/6/24,cloudgaminghub.site,Myanmar (Burma),10,0,0.00%,0.01,0.52,12,91.67%
11/6/24,cloudgaminghub.site,Canada,"3,674",74,2.01%,69.63,18.95,"6,311",89.10%
11/6/24,cloudgaminghub.site,China,14,0,0.00%,0.07,4.86,14,100.00%
11/6/24,cloudgaminghub.site,Croatia,4,1,25.00%,0.02,5.44,5,100.00%
11/6/24,cloudgaminghub.site,Finland,407,8,1.97%,9.43,23.18,552,84.78%
11/6/24,cloudgaminghub.site,France,"1,250",28,2.24%,18.57,14.86,"1,954",87.62%
11/6/24,cloudgaminghub.site,Germany,"5,396",117,2.17%,218.85,40.56,"9,601",94.92%
11/6/24,cloudgaminghub.site,Greece,790,22,2.78%,5.42,6.85,"1,105",82.44%
11/6/24,cloudgaminghub.site,Iraq,7,0,0.00%,0.00,0.67,10,100.00%
11/6/24,cloudgaminghub.site,Italy,"2,043",49,2.40%,21.17,10.36,"3,025",82.98%
11/6/24,cloudgaminghub.site,Jamaica,10,0,0.00%,0.02,2.11,12,91.67%
11/6/24,cloudgaminghub.site,Malta,7,0,0.00%,0.07,9.77,7,100.00%
11/6/24,cloudgaminghub.site,Netherlands,"9,647",240,2.49%,231.05,23.95,"15,074",78.52%
11/6/24,cloudgaminghub.site,Pakistan,3,0,0.00%,0.00,0.31,5,80.00%
11/6/24,cloudgaminghub.site,Singapore,865,19,2.20%,9.61,11.11,"1,235",85.67%
11/6/24,cloudgaminghub.site,Switzerland,925,15,1.62%,37.69,40.75,"1,325",97.21%
11/6/24,cloudgaminghub.site,United Arab Emirates,8,0,0.00%,0.03,4.03,10,100.00%
11/6/24,cloudgaminghub.site,Turkiye,8,0,0.00%,0.00,0.62,10,100.00%
11/6/24,cloudgaminghub.site,Ukraine,10,0,0.00%,0.02,2.22,20,90.00%
11/6/24,cloudgaminghub.site,United Kingdom,"3,284",53,1.61%,64.12,19.53,"5,189",99.92%
11/6/24,cloudgaminghub.site,United States,"4,820",104,2.16%,126.33,26.21,"7,037",84.94%
11/6/24,cloudgaminghub.site,Venezuela,2,1,50.00%,0.01,5.52,2,100.00%
11/6/24,funtimeh5.site,N/A,262,24,9.16%,0.47,1.79,296,98.65%
11/6/24,funtimeh5.site,Australia,"1,624",39,2.40%,30.61,18.85,"1,928",99.95%
11/6/24,funtimeh5.site,Brazil,801,17,2.12%,2.41,3.01,"1,028",95.04%
11/6/24,funtimeh5.site,Cameroon,6,0,0.00%,0.00,0.64,12,100.00%
11/6/24,funtimeh5.site,Canada,"1,066",27,2.53%,18.20,17.07,"1,589",92.45%
11/6/24,funtimeh5.site,Chile,694,17,2.45%,1.62,2.33,851,96.00%
11/6/24,funtimeh5.site,China,15,0,0.00%,0.09,5.79,18,100.00%
11/6/24,funtimeh5.site,Benin,3,0,0.00%,0.00,1.37,4,100.00%
11/6/24,funtimeh5.site,France,537,16,2.98%,5.97,11.12,627,88.52%
11/6/24,funtimeh5.site,Germany,"1,423",41,2.88%,24.70,17.36,"1,670",86.41%
11/6/24,funtimeh5.site,Greece,"5,797",158,2.73%,33.68,5.81,"6,269",93.79%
11/6/24,funtimeh5.site,India,6,0,0.00%,0.00,0.48,8,100.00%
11/6/24,funtimeh5.site,Italy,748,21,2.81%,7.16,9.57,842,89.43%
11/6/24,funtimeh5.site,Jamaica,6,0,0.00%,0.03,4.55,8,100.00%
11/6/24,funtimeh5.site,Japan,"2,455",52,2.12%,43.50,17.72,"2,894",100.00%
11/6/24,funtimeh5.site,Jordan,6,0,0.00%,0.01,0.96,8,100.00%
11/6/24,funtimeh5.site,Netherlands,"4,840",156,3.22%,84.46,17.45,"5,899",82.62%
11/6/24,funtimeh5.site,Pakistan,127,10,7.87%,0.08,0.62,160,96.88%
11/6/24,funtimeh5.site,Poland,8,0,0.00%,0.01,0.75,8,100.00%
11/6/24,funtimeh5.site,Qatar,5,1,20.00%,0.01,1.66,5,100.00%
11/6/24,funtimeh5.site,Romania,57,0,0.00%,0.50,8.83,60,100.00%
11/6/24,funtimeh5.site,Saudi Arabia,12,1,8.33%,0.01,1.11,16,100.00%
11/6/24,funtimeh5.site,Singapore,733,18,2.46%,6.75,9.20,"1,046",95.32%
11/6/24,funtimeh5.site,Spain,838,22,2.63%,6.41,7.64,915,95.52%
11/6/24,funtimeh5.site,Switzerland,"4,318",171,3.96%,133.37,30.89,"5,341",82.27%
11/6/24,funtimeh5.site,United Arab Emirates,39,2,5.13%,0.26,6.72,48,100.00%
11/6/24,funtimeh5.site,Turkiye,12,0,0.00%,0.01,0.88,16,100.00%
11/6/24,funtimeh5.site,Ukraine,4,1,25.00%,0.00,0.34,4,100.00%
11/6/24,funtimeh5.site,United Kingdom,"1,709",58,3.39%,20.50,12.00,"1,871",92.78%
11/6/24,funtimeh5.site,United States,"12,206",306,2.51%,348.24,28.53,"19,323",90.06%
11/6/24,funtimeh5.site,Uzbekistan,3,0,0.00%,0.00,0.37,4,100.00%
11/6/24,skylandh5games.site,N/A,16,0,0.00%,0.04,2.59,23,100.00%
11/6/24,skylandh5games.site,Antigua and Barbuda,7,0,0.00%,0.02,3.04,7,100.00%
11/6/24,skylandh5games.site,Argentina,4,0,0.00%,0.01,2.13,5,100.00%
11/6/24,skylandh5games.site,Australia,"2,047",49,2.39%,42.19,20.61,"2,841",81.77%
11/6/24,skylandh5games.site,Austria,"8,465",316,3.73%,207.05,24.46,"10,561",80.53%
11/6/24,skylandh5games.site,Belgium,"1,898",47,2.48%,32.30,17.02,"1,911",100.00%
11/6/24,skylandh5games.site,Bermuda,4,0,0.00%,0.04,10.73,5,100.00%
11/6/24,skylandh5games.site,Brazil,"1,059",18,1.70%,4.07,3.84,"1,286",93.62%
11/6/24,skylandh5games.site,Cambodia,5,0,0.00%,0.01,1.30,5,100.00%
11/6/24,skylandh5games.site,Cameroon,4,1,25.00%,0.00,0.44,5,100.00%
11/6/24,skylandh5games.site,Canada,"1,065",18,1.69%,21.62,20.30,"1,448",90.68%
11/6/24,skylandh5games.site,Chile,"2,162",33,1.53%,7.03,3.25,"2,465",100.00%
11/6/24,skylandh5games.site,Croatia,4,1,25.00%,0.03,7.32,4,100.00%
11/6/24,skylandh5games.site,France,"1,170",28,2.39%,19.60,16.75,"1,269",92.91%
11/6/24,skylandh5games.site,Germany,"12,308",273,2.22%,251.06,20.40,"13,295",93.19%
11/6/24,skylandh5games.site,Greece,757,22,2.91%,5.64,7.45,"1,002",75.85%
11/6/24,skylandh5games.site,Indonesia,2,1,50.00%,0.05,25.52,2,100.00%
11/6/24,skylandh5games.site,Italy,613,20,3.26%,7.92,12.92,832,73.68%
11/6/24,skylandh5games.site,Jamaica,11,0,0.00%,0.05,4.56,12,100.00%
11/6/24,skylandh5games.site,Luxembourg,4,0,0.00%,0.00,0.87,4,100.00%
11/6/24,skylandh5games.site,Netherlands,4,0,0.00%,0.01,2.74,4,100.00%
11/6/24,skylandh5games.site,Peru,4,0,0.00%,0.00,0.88,5,100.00%
11/6/24,skylandh5games.site,Singapore,"1,059",23,2.17%,12.66,11.95,"1,246",97.35%
11/6/24,skylandh5games.site,Spain,820,18,2.20%,8.15,9.94,838,98.45%
11/6/24,skylandh5games.site,United Arab Emirates,4,0,0.00%,0.00,0.81,5,100.00%
11/6/24,skylandh5games.site,United Kingdom,"1,373",29,2.11%,21.34,15.55,"1,442",95.56%
11/6/24,skylandh5games.site,United States,"5,709",151,2.64%,158.35,27.74,"7,968",84.53%
11/6/24,skylandh5games.site,Venezuela,4,0,0.00%,0.01,1.33,5,100.00%
11/6/24,skylandh5games.site,Yemen,10,0,0.00%,0.01,0.67,10,100.00%
11/6/24,vanguardh5.site,N/A,79,1,1.27%,0.05,0.68,99,97.98%
11/6/24,vanguardh5.site,Algeria,3,0,0.00%,0.00,1.23,4,100.00%
11/6/24,vanguardh5.site,Bahrain,3,0,0.00%,0.00,0.95,4,100.00%
11/6/24,vanguardh5.site,Armenia,3,0,0.00%,0.01,1.86,4,100.00%
11/6/24,vanguardh5.site,Belgium,10,0,0.00%,0.17,17.32,10,100.00%
11/6/24,vanguardh5.site,Bermuda,6,1,16.67%,0.07,11.17,8,100.00%
11/6/24,vanguardh5.site,Brazil,762,17,2.23%,2.96,3.88,"1,057",95.08%
11/6/24,vanguardh5.site,Canada,"8,848",240,2.71%,201.62,22.79,"14,829",87.18%
11/6/24,vanguardh5.site,China,9,1,11.11%,0.04,4.00,12,100.00%
11/6/24,vanguardh5.site,Croatia,3,0,0.00%,0.00,0.88,3,100.00%
11/6/24,vanguardh5.site,Czechia,5,0,0.00%,0.08,16.06,5,100.00%
11/6/24,vanguardh5.site,Ecuador,3,0,0.00%,0.00,1.64,4,100.00%
11/6/24,vanguardh5.site,Estonia,3,0,0.00%,0.03,10.01,3,100.00%
11/6/24,vanguardh5.site,Finland,"1,994",85,4.26%,72.70,36.46,"2,453",82.72%
11/6/24,vanguardh5.site,France,"1,071",27,2.52%,15.98,14.92,"1,206",89.55%
11/6/24,vanguardh5.site,French Guiana,5,0,0.00%,0.06,11.16,5,100.00%
11/6/24,vanguardh5.site,Germany,"10,666",238,2.23%,232.61,21.81,"11,926",90.45%
11/6/24,vanguardh5.site,Greece,687,24,3.49%,6.35,9.25,853,81.01%
11/6/24,vanguardh5.site,Indonesia,716,21,2.93%,1.12,1.57,"1,036",84.65%
11/6/24,vanguardh5.site,Ireland,5,1,20.00%,0.06,11.00,5,100.00%
11/6/24,vanguardh5.site,Italy,21,0,0.00%,0.33,15.69,21,100.00%
11/6/24,vanguardh5.site,Jamaica,5,1,20.00%,0.01,2.18,6,100.00%
11/6/24,vanguardh5.site,Japan,"2,246",59,2.63%,68.22,30.38,"2,895",100.00%
11/6/24,vanguardh5.site,Kenya,8,0,0.00%,0.01,0.79,10,100.00%
11/6/24,vanguardh5.site,Latvia,5,0,0.00%,0.14,27.61,5,100.00%
11/6/24,vanguardh5.site,Liechtenstein,13,1,7.69%,0.22,17.05,13,100.00%
11/6/24,vanguardh5.site,Netherlands,"2,235",55,2.46%,53.08,23.75,"2,251",100.00%
11/6/24,vanguardh5.site,Nigeria,5,0,0.00%,0.00,0.70,6,100.00%
11/6/24,vanguardh5.site,Portugal,706,18,2.55%,5.37,7.61,881,81.16%
11/6/24,vanguardh5.site,South Africa,4,0,0.00%,0.03,6.61,6,100.00%
11/6/24,vanguardh5.site,Spain,3,1,33.33%,0.03,8.99,3,100.00%
11/6/24,vanguardh5.site,Sweden,6,0,0.00%,0.05,7.99,6,100.00%
11/6/24,vanguardh5.site,Switzerland,"4,537",157,3.46%,185.71,40.93,"4,889",93.70%
11/6/24,vanguardh5.site,United Arab Emirates,29,2,6.90%,0.10,3.34,36,100.00%
11/6/24,vanguardh5.site,Turkiye,8,0,0.00%,0.01,0.90,10,100.00%
11/6/24,vanguardh5.site,Turkmenistan,14,1,7.14%,0.01,0.59,18,100.00%
11/6/24,vanguardh5.site,Ukraine,15,1,6.67%,0.05,3.29,20,100.00%
11/6/24,vanguardh5.site,United Kingdom,"1,886",45,2.39%,30.72,16.29,"2,121",89.58%
11/6/24,vanguardh5.site,United States,"6,867",188,2.74%,224.31,32.66,"11,939",83.26%
11/7/24,cloudgaminghub.site,N/A,145,9,6.21%,0.30,2.08,205,83.41%
11/7/24,cloudgaminghub.site,Antigua and Barbuda,7,0,0.00%,0.01,2.11,7,100.00%
11/7/24,cloudgaminghub.site,Australia,"4,531",75,1.66%,90.91,20.06,"5,403",99.52%
11/7/24,cloudgaminghub.site,Brazil,"1,025",17,1.66%,3.62,3.53,"1,289",94.96%
11/7/24,cloudgaminghub.site,Cambodia,7,0,0.00%,0.00,0.59,7,100.00%
11/7/24,cloudgaminghub.site,Canada,"4,387",93,2.12%,92.97,21.19,"7,363",92.73%
11/7/24,cloudgaminghub.site,China,0,0,0.00%,0.00,0.00,6,33.33%
11/7/24,cloudgaminghub.site,Finland,410,8,1.95%,9.45,23.04,524,90.65%
11/7/24,cloudgaminghub.site,France,"1,682",39,2.32%,34.36,20.43,"2,593",91.71%
11/7/24,cloudgaminghub.site,Germany,"4,127",83,2.01%,190.95,46.27,"6,969",93.66%
11/7/24,cloudgaminghub.site,Greece,819,25,3.05%,6.24,7.62,"1,148",81.97%
11/7/24,cloudgaminghub.site,Indonesia,7,0,0.00%,0.00,0.69,7,100.00%
11/7/24,cloudgaminghub.site,Iraq,6,0,0.00%,0.01,1.37,7,85.71%
11/7/24,cloudgaminghub.site,Italy,"2,221",50,2.25%,26.80,12.07,"3,024",89.25%
11/7/24,cloudgaminghub.site,Jamaica,12,2,16.67%,0.04,3.11,15,100.00%
11/7/24,cloudgaminghub.site,Luxembourg,4,0,0.00%,0.09,22.27,5,100.00%
11/7/24,cloudgaminghub.site,Netherlands,"9,341",245,2.62%,243.42,26.06,"15,096",77.69%
11/7/24,cloudgaminghub.site,Philippines,4,0,0.00%,0.00,0.82,5,100.00%
11/7/24,cloudgaminghub.site,Singapore,871,22,2.53%,11.73,13.47,"1,245",89.64%
11/7/24,cloudgaminghub.site,Switzerland,880,16,1.82%,49.00,55.68,"1,199",98.50%
11/7/24,cloudgaminghub.site,United Arab Emirates,25,0,0.00%,0.10,4.11,29,96.55%
11/7/24,cloudgaminghub.site,Ukraine,27,0,0.00%,0.07,2.50,31,93.55%
11/7/24,cloudgaminghub.site,United Kingdom,"3,504",61,1.74%,83.19,23.74,"5,685",98.68%
11/7/24,cloudgaminghub.site,United States,"3,949",86,2.18%,111.16,28.15,"5,522",86.96%
11/7/24,cloudgaminghub.site,Venezuela,7,0,0.00%,0.01,1.33,10,90.00%
11/7/24,funtimeh5.site,N/A,154,8,5.19%,0.30,1.92,174,100.00%
11/7/24,funtimeh5.site,Antigua and Barbuda,3,1,33.33%,0.01,3.10,4,100.00%
11/7/24,funtimeh5.site,Australia,"3,031",62,2.05%,69.26,22.85,"3,585",99.86%
11/7/24,funtimeh5.site,The Bahamas,6,0,0.00%,0.05,7.82,6,100.00%
11/7/24,funtimeh5.site,Brazil,718,16,2.23%,2.70,3.77,942,94.37%
11/7/24,funtimeh5.site,Canada,975,22,2.26%,19.32,19.81,"1,332",96.02%
11/7/24,funtimeh5.site,Chile,648,11,1.70%,1.81,2.80,794,97.48%
11/7/24,funtimeh5.site,China,19,3,15.79%,0.26,13.80,21,95.24%
11/7/24,funtimeh5.site,Estonia,3,0,0.00%,0.03,11.53,3,100.00%
11/7/24,funtimeh5.site,France,450,15,3.33%,5.54,12.31,499,91.38%
11/7/24,funtimeh5.site,Germany,"1,333",39,2.93%,25.30,18.98,"1,499",89.66%
11/7/24,funtimeh5.site,Greece,"3,297",97,2.94%,19.16,5.81,"3,563",93.35%
11/7/24,funtimeh5.site,Hungary,5,0,0.00%,0.00,0.56,5,100.00%
11/7/24,funtimeh5.site,Italy,759,23,3.03%,7.27,9.58,819,93.65%
11/7/24,funtimeh5.site,Japan,"2,752",58,2.11%,55.45,20.15,"3,327",97.60%
11/7/24,funtimeh5.site,Jordan,6,0,0.00%,0.01,1.14,6,100.00%
11/7/24,funtimeh5.site,Netherlands,"4,286",138,3.22%,82.26,19.19,"5,122",84.71%
11/7/24,funtimeh5.site,Caribbean Netherlands,3,0,0.00%,0.01,3.30,4,100.00%
11/7/24,funtimeh5.site,Nigeria,3,0,0.00%,0.00,0.67,3,100.00%
11/7/24,funtimeh5.site,Pakistan,54,3,5.56%,0.06,1.07,57,100.00%
11/7/24,funtimeh5.site,Qatar,10,1,10.00%,0.04,4.25,12,100.00%
11/7/24,funtimeh5.site,Romania,39,1,2.56%,0.30,7.80,39,100.00%
11/7/24,funtimeh5.site,Saint Kitts and Nevis,3,0,0.00%,0.00,1.22,4,100.00%
11/7/24,funtimeh5.site,Saudi Arabia,19,1,5.26%,0.03,1.68,22,100.00%
11/7/24,funtimeh5.site,Singapore,739,18,2.44%,9.25,12.52,976,98.67%
11/7/24,funtimeh5.site,Spain,839,25,2.98%,7.88,9.39,869,98.04%
11/7/24,funtimeh5.site,Sweden,3,0,0.00%,0.03,9.69,3,100.00%
11/7/24,funtimeh5.site,Switzerland,"4,018",164,4.08%,141.19,35.14,"4,893",82.89%
11/7/24,funtimeh5.site,United Arab Emirates,12,0,0.00%,0.13,11.10,14,100.00%
11/7/24,funtimeh5.site,Uganda,3,0,0.00%,0.00,0.87,4,100.00%
11/7/24,funtimeh5.site,Ukraine,8,2,25.00%,0.01,1.81,12,100.00%
11/7/24,funtimeh5.site,United Kingdom,"1,558",50,3.21%,22.36,14.35,"1,655",95.95%
11/7/24,funtimeh5.site,United States,"11,878",323,2.72%,373.51,31.45,"17,739",91.79%
11/7/24,skylandh5games.site,Antigua and Barbuda,4,0,0.00%,0.00,1.05,5,100.00%
11/7/24,skylandh5games.site,Australia,"2,632",62,2.36%,58.25,22.13,"3,500",88.66%
11/7/24,skylandh5games.site,Austria,"9,335",331,3.55%,261.82,28.05,"10,333",90.84%
11/7/24,skylandh5games.site,Belgium,"1,880",48,2.55%,42.21,22.45,"1,904",100.00%
11/7/24,skylandh5games.site,Brazil,"1,055",20,1.90%,3.77,3.58,"1,255",96.41%
11/7/24,skylandh5games.site,Myanmar (Burma),4,0,0.00%,0.01,1.61,5,100.00%
11/7/24,skylandh5games.site,Cambodia,4,1,25.00%,0.00,0.76,5,100.00%
11/7/24,skylandh5games.site,Canada,"1,135",21,1.85%,24.79,21.84,"1,493",92.03%
11/7/24,skylandh5games.site,Chile,"1,314",17,1.29%,4.11,3.12,"1,498",99.87%
11/7/24,skylandh5games.site,Estonia,4,0,0.00%,0.07,17.51,4,100.00%
11/7/24,skylandh5games.site,France,"1,152",25,2.17%,20.66,17.93,"1,230",93.98%
11/7/24,skylandh5games.site,French Guiana,6,0,0.00%,0.04,6.73,6,100.00%
11/7/24,skylandh5games.site,Germany,"9,620",218,2.27%,211.65,22.00,"10,313",94.01%
11/7/24,skylandh5games.site,Greece,890,28,3.15%,7.70,8.66,"1,027",86.66%
11/7/24,skylandh5games.site,Italy,717,18,2.51%,11.32,15.79,826,87.05%
11/7/24,skylandh5games.site,Jamaica,8,0,0.00%,0.01,1.52,10,100.00%
11/7/24,skylandh5games.site,Saint Kitts and Nevis,4,0,0.00%,0.01,2.06,5,100.00%
11/7/24,skylandh5games.site,Singapore,"1,052",22,2.09%,15.42,14.66,"1,252",99.20%
11/7/24,skylandh5games.site,Spain,782,21,2.69%,10.04,12.84,826,94.79%
11/7/24,skylandh5games.site,United Arab Emirates,5,1,20.00%,0.05,10.75,5,100.00%
11/7/24,skylandh5games.site,United Kingdom,"1,369",31,2.26%,25.05,18.30,"1,414",97.81%
11/7/24,skylandh5games.site,United States,"7,085",139,1.96%,214.29,30.25,"9,192",89.69%
11/7/24,skylandh5games.site,Venezuela,12,2,16.67%,0.03,2.15,14,100.00%
11/7/24,vanguardh5.site,N/A,48,0,0.00%,0.43,9.01,62,98.39%
11/7/24,vanguardh5.site,Bermuda,3,0,0.00%,0.02,7.38,4,100.00%
11/7/24,vanguardh5.site,Brazil,767,17,2.22%,2.94,3.84,"1,064",94.55%
11/7/24,vanguardh5.site,Cameroon,3,0,0.00%,0.00,0.97,4,100.00%
11/7/24,vanguardh5.site,Canada,"8,983",227,2.53%,213.83,23.80,"14,639",87.39%
11/7/24,vanguardh5.site,China,3,0,0.00%,0.02,5.71,4,100.00%
11/7/24,vanguardh5.site,Croatia,3,0,0.00%,0.02,7.16,3,100.00%
11/7/24,vanguardh5.site,Ecuador,3,0,0.00%,0.01,2.65,4,100.00%
11/7/24,vanguardh5.site,Finland,"1,933",81,4.19%,70.90,36.68,"2,606",75.21%
11/7/24,vanguardh5.site,France,"1,028",29,2.82%,16.98,16.52,"1,159",89.47%
11/7/24,vanguardh5.site,Germany,"9,533",223,2.34%,214.05,22.45,"10,869",88.49%
11/7/24,vanguardh5.site,Greece,593,23,3.88%,4.85,8.17,832,73.44%
11/7/24,vanguardh5.site,Hong Kong,5,0,0.00%,0.00,0.66,6,100.00%
11/7/24,vanguardh5.site,Indonesia,734,17,2.32%,1.10,1.50,"1,083",86.80%
11/7/24,vanguardh5.site,Italy,12,0,0.00%,0.12,10.00,12,100.00%
11/7/24,vanguardh5.site,Jamaica,5,0,0.00%,0.03,6.36,6,100.00%
11/7/24,vanguardh5.site,Japan,"1,785",44,2.46%,47.20,26.44,"2,325",98.02%
11/7/24,vanguardh5.site,Kenya,3,0,0.00%,0.00,0.50,4,100.00%
11/7/24,vanguardh5.site,Liechtenstein,5,0,0.00%,0.06,12.70,5,100.00%
11/7/24,vanguardh5.site,Netherlands,"2,389",62,2.60%,55.82,23.37,"2,422",99.96%
11/7/24,vanguardh5.site,Portugal,587,22,3.75%,4.76,8.11,857,68.84%
11/7/24,vanguardh5.site,Spain,11,0,0.00%,0.05,4.84,11,100.00%
11/7/24,vanguardh5.site,Sweden,6,0,0.00%,0.01,1.24,6,100.00%
11/7/24,vanguardh5.site,Switzerland,"4,423",132,2.98%,203.81,46.08,"4,834",92.26%
11/7/24,vanguardh5.site,United Arab Emirates,19,0,0.00%,0.04,2.22,24,100.00%
11/7/24,vanguardh5.site,Turkmenistan,14,1,7.14%,0.01,0.62,18,100.00%
11/7/24,vanguardh5.site,United Kingdom,"1,717",42,2.45%,29.08,16.94,"2,188",80.21%
11/7/24,vanguardh5.site,United States,"6,707",200,2.98%,213.63,31.85,"10,977",83.40%
11/8/24,cloudgaminghub.site,N/A,164,7,4.27%,0.30,1.85,216,85.65%
11/8/24,cloudgaminghub.site,Australia,"4,832",75,1.55%,117.71,24.36,"5,862",99.16%
11/8/24,cloudgaminghub.site,Belgium,7,0,0.00%,0.27,38.20,7,100.00%
11/8/24,cloudgaminghub.site,Brazil,"1,030",16,1.55%,4.05,3.94,"1,270",97.09%
11/8/24,cloudgaminghub.site,Canada,"4,643",92,1.98%,129.45,27.88,"6,919",95.09%
11/8/24,cloudgaminghub.site,China,4,0,0.00%,0.01,3.05,6,83.33%
11/8/24,cloudgaminghub.site,Finland,481,8,1.66%,14.58,30.31,556,99.28%
11/8/24,cloudgaminghub.site,France,"3,316",71,2.14%,75.75,22.84,"4,745",96.42%
11/8/24,cloudgaminghub.site,Germany,"2,903",52,1.79%,156.73,53.99,"4,357",96.65%
11/8/24,cloudgaminghub.site,Greece,913,22,2.41%,7.74,8.48,"1,175",89.70%
11/8/24,cloudgaminghub.site,Indonesia,4,0,0.00%,0.00,0.86,5,100.00%
11/8/24,cloudgaminghub.site,Iraq,6,0,0.00%,0.01,0.84,7,100.00%
11/8/24,cloudgaminghub.site,Italy,"2,936",57,1.94%,48.56,16.54,"3,731",94.18%
11/8/24,cloudgaminghub.site,Jamaica,11,0,0.00%,0.07,6.80,12,100.00%
11/8/24,cloudgaminghub.site,Mexico,4,1,25.00%,0.02,5.93,5,100.00%
11/8/24,cloudgaminghub.site,Morocco,4,1,25.00%,0.00,0.69,5,100.00%
11/8/24,cloudgaminghub.site,Netherlands,"10,433",226,2.17%,385.84,36.98,"14,836",85.72%
11/8/24,cloudgaminghub.site,Sint Maarten,4,0,0.00%,0.00,1.08,5,100.00%
11/8/24,cloudgaminghub.site,Pakistan,4,0,0.00%,0.00,0.90,5,100.00%
11/8/24,cloudgaminghub.site,Saudi Arabia,3,0,0.00%,0.01,1.83,5,100.00%
11/8/24,cloudgaminghub.site,Singapore,"2,357",45,1.91%,31.53,13.38,"3,049",94.75%
11/8/24,cloudgaminghub.site,South Africa,4,0,0.00%,0.01,2.32,5,100.00%
11/8/24,cloudgaminghub.site,Switzerland,895,18,2.01%,50.75,56.70,"1,173",97.44%
11/8/24,cloudgaminghub.site,United Arab Emirates,18,0,0.00%,0.08,4.30,19,100.00%
11/8/24,cloudgaminghub.site,Ukraine,23,2,8.70%,0.02,1.06,31,87.10%
11/8/24,cloudgaminghub.site,United Kingdom,"2,641",51,1.93%,84.92,32.15,"3,939",97.23%
11/8/24,cloudgaminghub.site,United States,"3,206",68,2.12%,110.98,34.62,"4,215",91.86%
11/8/24,funtimeh5.site,N/A,188,8,4.26%,0.34,1.79,230,100.00%
11/8/24,funtimeh5.site,Australia,"4,862",112,2.30%,121.01,24.89,"6,523",98.88%
11/8/24,funtimeh5.site,Brazil,797,18,2.26%,3.10,3.89,991,98.28%
11/8/24,funtimeh5.site,Myanmar (Burma),3,1,33.33%,0.00,0.53,4,100.00%
11/8/24,funtimeh5.site,Canada,"1,086",28,2.58%,31.77,29.25,"1,400",96.57%
11/8/24,funtimeh5.site,Chile,714,13,1.82%,2.23,3.12,884,96.83%
11/8/24,funtimeh5.site,China,27,1,3.70%,0.15,5.47,38,100.00%
11/8/24,funtimeh5.site,Estonia,6,1,16.67%,0.07,11.59,6,100.00%
11/8/24,funtimeh5.site,France,528,13,2.46%,9.80,18.56,568,95.77%
11/8/24,funtimeh5.site,Germany,"1,509",38,2.52%,38.80,25.71,"1,644",93.80%
11/8/24,funtimeh5.site,Greece,"2,201",68,3.09%,15.67,7.12,"2,365",95.60%
11/8/24,funtimeh5.site,Italy,823,25,3.04%,11.49,13.96,881,95.91%
11/8/24,funtimeh5.site,Japan,"3,892",93,2.39%,98.90,25.41,"4,903",93.74%
11/8/24,funtimeh5.site,Netherlands,"4,068",138,3.39%,111.77,27.47,"4,840",86.78%
11/8/24,funtimeh5.site,Pakistan,71,4,5.63%,0.07,1.00,84,100.00%
11/8/24,funtimeh5.site,Portugal,3,0,0.00%,0.01,4.89,3,100.00%
11/8/24,funtimeh5.site,Romania,42,2,4.76%,0.34,8.14,42,100.00%
11/8/24,funtimeh5.site,Saudi Arabia,9,0,0.00%,0.01,1.04,12,100.00%
11/8/24,funtimeh5.site,Singapore,777,16,2.06%,9.82,12.64,"1,070",95.51%
11/8/24,funtimeh5.site,Spain,838,24,2.86%,9.52,11.36,872,98.74%
11/8/24,funtimeh5.site,Sweden,5,0,0.00%,0.07,14.97,5,100.00%
11/8/24,funtimeh5.site,Switzerland,"4,770",175,3.67%,225.79,47.34,"5,699",86.77%
11/8/24,funtimeh5.site,United Arab Emirates,18,0,0.00%,0.12,6.60,20,100.00%
11/8/24,funtimeh5.site,Ukraine,6,0,0.00%,0.00,0.33,8,100.00%
11/8/24,funtimeh5.site,United Kingdom,"1,577",46,2.92%,30.50,19.34,"1,688",96.74%
11/8/24,funtimeh5.site,United States,"13,523",284,2.10%,519.01,38.38,"18,718",93.78%
11/8/24,funtimeh5.site,Uzbekistan,3,0,0.00%,0.00,0.35,4,100.00%
11/8/24,skylandh5games.site,N/A,4,0,0.00%,0.30,74.55,4,100.00%
11/8/24,skylandh5games.site,Australia,"2,553",60,2.35%,81.14,31.78,"3,578",87.81%
11/8/24,skylandh5games.site,Austria,"10,565",387,3.66%,343.88,32.55,"11,580",92.93%
11/8/24,skylandh5games.site,Belgium,"3,038",94,3.09%,67.47,22.21,"3,195",97.46%
11/8/24,skylandh5games.site,Brazil,"1,067",18,1.69%,4.04,3.79,"1,271",95.36%
11/8/24,skylandh5games.site,Cambodia,5,0,0.00%,0.01,1.62,5,100.00%
11/8/24,skylandh5games.site,Canada,"1,146",21,1.83%,33.14,28.92,"1,474",94.23%
11/8/24,skylandh5games.site,Chile,"1,067",16,1.50%,3.80,3.56,"1,237",97.66%
11/8/24,skylandh5games.site,China,4,0,0.00%,0.00,1.06,6,83.33%
11/8/24,skylandh5games.site,Croatia,7,0,0.00%,0.09,13.45,7,100.00%
11/8/24,skylandh5games.site,Dominican Republic,5,0,0.00%,0.01,1.86,5,100.00%
11/8/24,skylandh5games.site,Estonia,4,0,0.00%,0.06,13.86,4,100.00%
11/8/24,skylandh5games.site,France,"1,184",28,2.36%,28.78,24.31,"1,281",94.38%
11/8/24,skylandh5games.site,Germany,"5,603",133,2.37%,169.91,30.32,"6,070",93.81%
11/8/24,skylandh5games.site,Greece,"1,444",53,3.67%,10.90,7.55,"1,873",78.96%
11/8/24,skylandh5games.site,Italy,727,21,2.89%,13.43,18.47,850,87.41%
11/8/24,skylandh5games.site,Jamaica,7,0,0.00%,0.05,6.46,7,100.00%
11/8/24,skylandh5games.site,Luxembourg,4,0,0.00%,0.07,16.70,4,100.00%
11/8/24,skylandh5games.site,Singapore,"1,021",21,2.06%,14.33,14.03,"1,227",99.27%
11/8/24,skylandh5games.site,Slovakia,4,0,0.00%,0.00,0.51,4,100.00%
11/8/24,skylandh5games.site,Spain,807,21,2.60%,10.83,13.42,847,96.93%
11/8/24,skylandh5games.site,Switzerland,4,0,0.00%,0.08,21.15,4,100.00%
11/8/24,skylandh5games.site,Thailand,7,0,0.00%,0.03,4.11,7,100.00%
11/8/24,skylandh5games.site,Turkiye,4,0,0.00%,0.00,0.69,5,100.00%
11/8/24,skylandh5games.site,United Kingdom,"1,379",31,2.25%,35.79,25.96,"1,458",96.57%
11/8/24,skylandh5games.site,United States,"5,690",123,2.16%,217.10,38.15,"7,160",91.94%
11/8/24,skylandh5games.site,Venezuela,11,0,0.00%,0.02,1.97,12,100.00%
11/8/24,vanguardh5.site,N/A,52,3,5.77%,0.06,1.24,68,95.59%
11/8/24,vanguardh5.site,Bermuda,3,0,0.00%,0.02,6.56,4,100.00%
11/8/24,vanguardh5.site,Brazil,802,16,2.00%,3.29,4.10,"1,072",95.99%
11/8/24,vanguardh5.site,Myanmar (Burma),3,0,0.00%,0.00,1.08,4,100.00%
11/8/24,vanguardh5.site,Canada,"8,176",206,2.52%,273.36,33.43,"11,642",93.58%
11/8/24,vanguardh5.site,China,8,0,0.00%,0.05,5.95,11,90.91%
11/8/24,vanguardh5.site,Dominican Republic,3,0,0.00%,0.00,1.17,4,100.00%
11/8/24,vanguardh5.site,Finland,"1,807",75,4.15%,83.92,46.44,"2,447",76.79%
11/8/24,vanguardh5.site,France,"1,777",53,2.98%,29.99,16.88,"1,965",92.77%
11/8/24,vanguardh5.site,Germany,"8,333",225,2.70%,202.04,24.25,"9,186",93.83%
11/8/24,vanguardh5.site,Greece,997,39,3.91%,7.92,7.95,"1,373",75.53%
11/8/24,vanguardh5.site,Hong Kong,3,0,0.00%,0.00,0.68,4,100.00%
11/8/24,vanguardh5.site,India,3,0,0.00%,0.00,0.76,4,100.00%
11/8/24,vanguardh5.site,Indonesia,815,20,2.45%,1.26,1.55,"1,050",95.90%
11/8/24,vanguardh5.site,Italy,5,0,0.00%,0.05,9.70,7,100.00%
11/8/24,vanguardh5.site,Japan,"1,428",44,3.08%,48.45,33.93,"1,936",93.39%
11/8/24,vanguardh5.site,Netherlands,"2,256",60,2.66%,68.89,30.54,"2,393",97.53%
11/8/24,vanguardh5.site,Pakistan,3,1,33.33%,0.00,0.56,4,75.00%
11/8/24,vanguardh5.site,Portugal,630,27,4.29%,5.51,8.74,901,73.36%
11/8/24,vanguardh5.site,Saudi Arabia,3,0,0.00%,0.00,1.04,4,100.00%
11/8/24,vanguardh5.site,Sweden,6,0,0.00%,0.00,0.65,6,100.00%
11/8/24,vanguardh5.site,Switzerland,"3,468",99,2.85%,185.66,53.53,"3,908",93.35%
11/8/24,vanguardh5.site,United Arab Emirates,14,0,0.00%,0.05,3.48,18,100.00%
11/8/24,vanguardh5.site,Turkmenistan,8,1,12.50%,0.01,1.41,10,100.00%
11/8/24,vanguardh5.site,Ukraine,9,0,0.00%,0.07,7.81,12,100.00%
11/8/24,vanguardh5.site,United Kingdom,"2,537",70,2.76%,58.27,22.97,"3,063",86.35%
11/8/24,vanguardh5.site,United States,"6,177",179,2.90%,253.93,41.11,"9,094",89.44%
11/9/24,cloudgaminghub.site,N/A,131,2,1.53%,0.16,1.26,196,84.18%
11/9/24,cloudgaminghub.site,Australia,"3,313",67,2.02%,87.89,26.53,"4,236",95.77%
11/9/24,cloudgaminghub.site,Armenia,20,0,0.00%,0.02,1.03,24,91.67%
11/9/24,cloudgaminghub.site,Belgium,4,0,0.00%,0.04,9.83,5,100.00%
11/9/24,cloudgaminghub.site,Brazil,"1,665",37,2.22%,5.33,3.20,"2,246",92.56%
11/9/24,cloudgaminghub.site,Canada,"2,835",63,2.22%,84.14,29.68,"4,360",93.90%
11/9/24,cloudgaminghub.site,China,3,0,0.00%,0.00,1.47,5,100.00%
11/9/24,cloudgaminghub.site,Finland,487,8,1.64%,15.39,31.61,560,99.46%
11/9/24,cloudgaminghub.site,France,"3,547",74,2.09%,79.00,22.27,"5,571",89.70%
11/9/24,cloudgaminghub.site,Germany,"1,604",31,1.93%,103.19,64.33,"2,455",93.12%
11/9/24,cloudgaminghub.site,Greece,"1,201",30,2.50%,10.19,8.49,"1,538",89.99%
11/9/24,cloudgaminghub.site,Indonesia,4,0,0.00%,0.00,0.64,5,100.00%
11/9/24,cloudgaminghub.site,Iraq,9,0,0.00%,0.01,0.84,12,100.00%
11/9/24,cloudgaminghub.site,Italy,"3,917",84,2.14%,63.54,16.22,"5,379",89.59%
11/9/24,cloudgaminghub.site,Malta,4,0,0.00%,0.03,7.67,5,100.00%
11/9/24,cloudgaminghub.site,Netherlands,"8,046",203,2.52%,252.53,31.39,"11,950",82.78%
11/9/24,cloudgaminghub.site,Pakistan,3,0,0.00%,0.00,0.74,5,80.00%
11/9/24,cloudgaminghub.site,Portugal,4,0,0.00%,0.03,6.69,5,100.00%
11/9/24,cloudgaminghub.site,Singapore,"4,135",73,1.77%,61.97,14.99,"5,675",94.56%
11/9/24,cloudgaminghub.site,Switzerland,834,20,2.40%,49.53,59.38,"1,197",94.57%
11/9/24,cloudgaminghub.site,United Arab Emirates,18,1,5.56%,0.11,6.16,22,90.91%
11/9/24,cloudgaminghub.site,Ukraine,6,0,0.00%,0.01,0.92,10,80.00%
11/9/24,cloudgaminghub.site,United Kingdom,"1,768",34,1.92%,53.69,30.37,"2,827",96.60%
11/9/24,cloudgaminghub.site,United States,"1,784",40,2.24%,66.74,37.41,"2,524",86.73%
11/9/24,funtimeh5.site,N/A,108,3,2.78%,0.21,1.96,134,99.25%
11/9/24,funtimeh5.site,Antigua and Barbuda,3,0,0.00%,0.00,1.06,4,100.00%
11/9/24,funtimeh5.site,Australia,"3,648",91,2.49%,93.24,25.56,"4,722",97.08%
11/9/24,funtimeh5.site,Botswana,4,0,0.00%,0.01,2.67,6,100.00%
11/9/24,funtimeh5.site,Brazil,774,19,2.45%,3.17,4.10,"1,010",98.42%
11/9/24,funtimeh5.site,Cambodia,3,0,0.00%,0.00,1.14,4,100.00%
11/9/24,funtimeh5.site,Canada,695,19,2.73%,20.38,29.32,881,96.71%
11/9/24,funtimeh5.site,Chile,631,13,2.06%,1.59,2.52,810,96.30%
11/9/24,funtimeh5.site,China,6,1,16.67%,0.03,4.28,12,100.00%
11/9/24,funtimeh5.site,Estonia,7,0,0.00%,0.10,14.21,7,100.00%
11/9/24,funtimeh5.site,France,890,33,3.71%,15.32,17.21,949,97.26%
11/9/24,funtimeh5.site,Germany,951,32,3.36%,22.43,23.58,"1,079",92.03%
11/9/24,funtimeh5.site,Greece,"2,245",76,3.39%,16.99,7.57,"2,351",98.85%
11/9/24,funtimeh5.site,Indonesia,6,0,0.00%,0.00,0.55,8,100.00%
11/9/24,funtimeh5.site,Italy,893,20,2.24%,12.49,13.98,952,97.27%
11/9/24,funtimeh5.site,Japan,"2,638",77,2.92%,55.03,20.86,"3,368",91.92%
11/9/24,funtimeh5.site,Lithuania,0,0,0.00%,0.00,0.00,3,100.00%
11/9/24,funtimeh5.site,Oman,4,0,0.00%,0.01,3.66,6,100.00%
11/9/24,funtimeh5.site,Netherlands,"3,903",141,3.61%,93.78,24.03,"4,740",86.52%
11/9/24,funtimeh5.site,Pakistan,105,3,2.86%,0.18,1.67,120,100.00%
11/9/24,funtimeh5.site,Qatar,3,0,0.00%,0.00,0.71,4,100.00%
11/9/24,funtimeh5.site,Romania,33,0,0.00%,0.31,9.36,34,100.00%
11/9/24,funtimeh5.site,Saudi Arabia,18,1,5.56%,0.03,1.93,20,100.00%
11/9/24,funtimeh5.site,Seychelles,12,0,0.00%,0.01,1.12,12,100.00%
11/9/24,funtimeh5.site,Singapore,"1,152",27,2.34%,16.67,14.47,"1,547",98.06%
11/9/24,funtimeh5.site,Spain,827,28,3.39%,8.30,10.03,892,97.65%
11/9/24,funtimeh5.site,Sweden,6,0,0.00%,0.07,11.79,6,100.00%
11/9/24,funtimeh5.site,Switzerland,"3,764",126,3.35%,180.35,47.91,"4,484",87.67%
11/9/24,funtimeh5.site,United Arab Emirates,25,4,16.00%,0.16,6.26,30,100.00%
11/9/24,funtimeh5.site,United Kingdom,"1,508",46,3.05%,31.09,20.62,"1,617",97.53%
11/9/24,funtimeh5.site,United States,"10,157",214,2.11%,389.80,38.38,"14,474",93.75%
11/9/24,funtimeh5.site,Uzbekistan,3,0,0.00%,0.00,0.57,4,100.00%
11/9/24,skylandh5games.site,Argentina,4,0,0.00%,0.01,2.44,5,100.00%
11/9/24,skylandh5games.site,Australia,"1,706",33,1.93%,45.53,26.69,"2,008",97.26%
11/9/24,skylandh5games.site,Austria,"10,286",318,3.09%,324.42,31.54,"11,065",95.91%
11/9/24,skylandh5games.site,Belgium,"6,279",144,2.29%,141.62,22.55,"6,729",96.52%
11/9/24,skylandh5games.site,Brazil,"1,037",20,1.93%,4.06,3.92,"1,268",94.64%
11/9/24,skylandh5games.site,Cambodia,4,0,0.00%,0.00,0.36,5,100.00%
11/9/24,skylandh5games.site,Canada,683,12,1.76%,20.66,30.25,850,93.53%
11/9/24,skylandh5games.site,Chile,"1,026",17,1.66%,3.84,3.74,"1,257",94.27%
11/9/24,skylandh5games.site,Estonia,16,0,0.00%,0.31,19.68,16,100.00%
11/9/24,skylandh5games.site,France,"1,268",28,2.21%,27.85,21.97,"1,318",98.79%
11/9/24,skylandh5games.site,French Guiana,6,0,0.00%,0.11,18.47,6,100.00%
11/9/24,skylandh5games.site,Germany,"3,538",84,2.37%,114.40,32.33,"3,727",97.67%
11/9/24,skylandh5games.site,Greece,"3,773",99,2.62%,33.77,8.95,"4,031",96.92%
11/9/24,skylandh5games.site,Italy,"2,374",65,2.74%,38.78,16.34,"2,566",95.44%
11/9/24,skylandh5games.site,Luxembourg,4,0,0.00%,0.06,13.97,4,100.00%
11/9/24,skylandh5games.site,Netherlands,4,0,0.00%,0.04,9.36,4,100.00%
11/9/24,skylandh5games.site,Singapore,"1,053",19,1.80%,15.47,14.69,"1,245",98.63%
11/9/24,skylandh5games.site,Spain,827,19,2.30%,10.33,12.50,865,98.38%
11/9/24,skylandh5games.site,Ukraine,4,0,0.00%,0.01,1.36,5,100.00%
11/9/24,skylandh5games.site,United Kingdom,"1,004",19,1.89%,25.56,25.46,"1,037",99.32%
11/9/24,skylandh5games.site,United States,"3,384",73,2.16%,134.46,39.73,"4,260",91.88%
11/9/24,skylandh5games.site,Venezuela,4,0,0.00%,0.00,0.55,5,100.00%
11/9/24,vanguardh5.site,N/A,40,1,2.50%,0.04,1.03,50,100.00%
11/9/24,vanguardh5.site,Bolivia,3,0,0.00%,0.00,0.84,4,100.00%
11/9/24,vanguardh5.site,Brazil,"1,241",30,2.42%,4.78,3.85,"1,679",95.83%
11/9/24,vanguardh5.site,Canada,"5,826",146,2.51%,208.13,35.73,"8,125",95.46%
11/9/24,vanguardh5.site,China,3,0,0.00%,0.00,0.84,4,100.00%
11/9/24,vanguardh5.site,Taiwan,3,0,0.00%,0.00,0.85,4,100.00%
11/9/24,vanguardh5.site,Costa Rica,3,0,0.00%,0.01,4.52,4,100.00%
11/9/24,vanguardh5.site,Dominican Republic,3,0,0.00%,0.00,1.00,4,100.00%
11/9/24,vanguardh5.site,Finland,"1,940",69,3.56%,80.31,41.40,"2,390",87.82%
11/9/24,vanguardh5.site,France,"5,016",122,2.43%,85.56,17.06,"5,408",98.59%
11/9/24,vanguardh5.site,French Guiana,19,0,0.00%,0.12,6.48,20,100.00%
11/9/24,vanguardh5.site,Germany,"6,675",204,3.06%,161.86,24.25,"7,345",96.81%
11/9/24,vanguardh5.site,Greece,"3,217",88,2.74%,28.14,8.75,"3,638",94.64%
11/9/24,vanguardh5.site,India,5,0,0.00%,0.00,0.98,6,100.00%
11/9/24,vanguardh5.site,Indonesia,794,23,2.90%,1.16,1.46,"1,064",93.89%
11/9/24,vanguardh5.site,Italy,3,0,0.00%,0.00,0.73,3,100.00%
11/9/24,vanguardh5.site,Japan,"1,477",41,2.78%,43.00,29.11,"1,987",95.67%
11/9/24,vanguardh5.site,Liechtenstein,3,0,0.00%,0.06,19.91,3,100.00%
11/9/24,vanguardh5.site,Netherlands,"1,737",41,2.36%,50.23,28.92,"1,965",94.96%
11/9/24,vanguardh5.site,Portugal,"1,366",41,3.00%,11.99,8.78,"1,561",92.25%
11/9/24,vanguardh5.site,Romania,3,0,0.00%,0.02,7.23,3,100.00%
11/9/24,vanguardh5.site,Switzerland,"1,952",51,2.61%,105.14,53.86,"2,137",97.57%
11/9/24,vanguardh5.site,United Arab Emirates,6,1,16.67%,0.02,3.59,8,100.00%
11/9/24,vanguardh5.site,Turkiye,3,0,0.00%,0.00,0.55,4,100.00%
11/9/24,vanguardh5.site,Ukraine,11,1,9.09%,0.11,10.13,14,100.00%
11/9/24,vanguardh5.site,United Kingdom,"4,619",106,2.29%,111.58,24.16,"5,099",96.84%
11/9/24,vanguardh5.site,United States,"4,394",117,2.66%,184.65,42.02,"6,649",87.05%
11/9/24,vanguardh5.site,Venezuela,3,0,0.00%,0.00,1.21,4,100.00%
11/10/24,cloudgaminghub.site,N/A,109,6,5.50%,0.21,1.91,154,79.87%
11/10/24,cloudgaminghub.site,Australia,"3,033",66,2.18%,88.70,29.24,"3,877",94.30%
11/10/24,cloudgaminghub.site,Bolivia,3,0,0.00%,0.00,1.21,5,80.00%
11/10/24,cloudgaminghub.site,Brazil,"3,398",63,1.85%,13.57,3.99,"4,290",93.68%
11/10/24,cloudgaminghub.site,Canada,"2,524",60,2.38%,85.24,33.77,"3,974",89.93%
11/10/24,cloudgaminghub.site,Finland,495,11,2.22%,13.04,26.35,568,99.30%
11/10/24,cloudgaminghub.site,France,"3,339",78,2.34%,85.13,25.50,"4,881",90.66%
11/10/24,cloudgaminghub.site,French Guiana,3,0,0.00%,0.01,2.90,5,100.00%
11/10/24,cloudgaminghub.site,Germany,"1,261",32,2.54%,79.19,62.80,"1,880",92.93%
11/10/24,cloudgaminghub.site,Greece,"1,723",40,2.32%,16.38,9.51,"2,199",90.40%
11/10/24,cloudgaminghub.site,India,6,0,0.00%,0.00,0.34,7,85.71%
11/10/24,cloudgaminghub.site,Iraq,6,0,0.00%,0.01,0.88,12,91.67%
11/10/24,cloudgaminghub.site,Italy,"3,828",83,2.17%,56.99,14.89,"5,304",89.37%
11/10/24,cloudgaminghub.site,Jamaica,5,1,20.00%,0.04,7.36,5,100.00%
11/10/24,cloudgaminghub.site,Japan,9,0,0.00%,0.19,20.76,9,100.00%
11/10/24,cloudgaminghub.site,Malaysia,4,0,0.00%,0.00,0.98,5,100.00%
11/10/24,cloudgaminghub.site,Netherlands,"7,183",182,2.53%,267.92,37.30,"10,613",82.36%
11/10/24,cloudgaminghub.site,Qatar,3,0,0.00%,0.01,1.70,5,80.00%
11/10/24,cloudgaminghub.site,Singapore,"6,172",126,2.04%,100.38,16.26,"9,288",85.23%
11/10/24,cloudgaminghub.site,Switzerland,916,20,2.18%,47.65,52.01,"1,271",93.86%
11/10/24,cloudgaminghub.site,United Arab Emirates,17,0,0.00%,0.11,6.37,22,95.45%
11/10/24,cloudgaminghub.site,Ukraine,15,0,0.00%,0.07,4.93,19,84.21%
11/10/24,cloudgaminghub.site,United Kingdom,"1,512",33,2.18%,51.55,34.09,"2,474",94.99%
11/10/24,cloudgaminghub.site,United States,"1,649",41,2.49%,63.65,38.60,"2,438",83.39%
11/10/24,funtimeh5.site,N/A,143,4,2.80%,0.17,1.22,171,98.83%
11/10/24,funtimeh5.site,Australia,"2,970",75,2.53%,82.99,27.94,"4,006",95.56%
11/10/24,funtimeh5.site,Brazil,803,13,1.62%,3.64,4.53,"1,008",97.12%
11/10/24,funtimeh5.site,Canada,629,18,2.86%,20.53,32.64,842,93.23%
11/10/24,funtimeh5.site,Chile,656,9,1.37%,2.06,3.14,826,95.40%
11/10/24,funtimeh5.site,China,6,0,0.00%,0.03,4.66,8,100.00%
11/10/24,funtimeh5.site,Estonia,9,1,11.11%,0.12,12.90,9,100.00%
11/10/24,funtimeh5.site,France,"2,207",56,2.54%,49.34,22.36,"2,362",97.12%
11/10/24,funtimeh5.site,French Guiana,10,2,20.00%,0.03,2.97,10,100.00%
11/10/24,funtimeh5.site,Germany,784,22,2.81%,23.76,30.31,879,93.29%
11/10/24,funtimeh5.site,Greece,"2,245",68,3.03%,18.20,8.11,"2,366",99.07%
11/10/24,funtimeh5.site,Indonesia,6,0,0.00%,0.01,1.56,6,100.00%
11/10/24,funtimeh5.site,Italy,"2,084",65,3.12%,29.70,14.25,"2,256",96.41%
11/10/24,funtimeh5.site,Jamaica,6,0,0.00%,0.02,3.94,8,100.00%
11/10/24,funtimeh5.site,Japan,"2,155",57,2.65%,44.65,20.72,"2,921",87.81%
11/10/24,funtimeh5.site,Mexico,6,0,0.00%,0.09,15.80,6,100.00%
11/10/24,funtimeh5.site,Netherlands,"4,181",142,3.40%,141.46,33.83,"4,915",89.16%
11/10/24,funtimeh5.site,Pakistan,31,0,0.00%,0.04,1.20,36,100.00%
11/10/24,funtimeh5.site,Qatar,6,0,0.00%,0.01,1.06,6,100.00%
11/10/24,funtimeh5.site,Romania,9,0,0.00%,0.03,3.57,10,100.00%
11/10/24,funtimeh5.site,Saint Kitts and Nevis,3,0,0.00%,0.00,1.00,4,100.00%
11/10/24,funtimeh5.site,Saudi Arabia,22,0,0.00%,0.07,3.08,28,100.00%
11/10/24,funtimeh5.site,Singapore,"2,034",50,2.46%,26.32,12.94,"2,593",96.14%
11/10/24,funtimeh5.site,Spain,827,25,3.02%,10.48,12.67,878,97.61%
11/10/24,funtimeh5.site,Sweden,3,0,0.00%,0.02,6.53,3,100.00%
11/10/24,funtimeh5.site,Switzerland,"3,251",115,3.54%,150.16,46.19,"3,923",86.39%
11/10/24,funtimeh5.site,United Arab Emirates,50,2,4.00%,0.27,5.46,59,100.00%
11/10/24,funtimeh5.site,Ukraine,12,0,0.00%,0.01,1.18,12,100.00%
11/10/24,funtimeh5.site,United Kingdom,"3,395",96,2.83%,85.29,25.12,"3,625",97.30%
11/10/24,funtimeh5.site,United States,"9,843",190,1.93%,363.57,36.94,"14,104",90.57%
11/10/24,funtimeh5.site,Venezuela,8,1,12.50%,0.00,0.50,10,100.00%
11/10/24,skylandh5games.site,N/A,0,0,0.00%,0.00,0.00,2,100.00%
11/10/24,skylandh5games.site,Australia,"1,461",28,1.92%,41.06,28.11,"1,723",96.34%
11/10/24,skylandh5games.site,Austria,"9,896",283,2.86%,331.16,33.46,"10,687",95.66%
11/10/24,skylandh5games.site,Belgium,"7,513",191,2.54%,184.93,24.61,"8,075",96.16%
11/10/24,skylandh5games.site,Brazil,"1,047",17,1.62%,4.92,4.70,"1,249",95.92%
11/10/24,skylandh5games.site,Canada,580,6,1.03%,18.97,32.70,757,90.89%
11/10/24,skylandh5games.site,Chile,"1,051",17,1.62%,4.30,4.10,"1,240",97.02%
11/10/24,skylandh5games.site,Estonia,8,1,12.50%,0.19,23.16,8,100.00%
11/10/24,skylandh5games.site,France,"1,237",26,2.10%,32.16,26.00,"1,281",98.75%
11/10/24,skylandh5games.site,Germany,"2,996",71,2.37%,111.26,37.14,"3,182",97.45%
11/10/24,skylandh5games.site,Greece,"3,738",98,2.62%,34.27,9.17,"3,943",97.51%
11/10/24,skylandh5games.site,Hungary,8,1,12.50%,0.06,7.13,9,100.00%
11/10/24,skylandh5games.site,Italy,"4,080",109,2.67%,65.07,15.95,"4,527",93.00%
11/10/24,skylandh5games.site,Jamaica,4,0,0.00%,0.01,2.43,5,100.00%
11/10/24,skylandh5games.site,Luxembourg,4,0,0.00%,0.05,13.48,4,100.00%
11/10/24,skylandh5games.site,Singapore,"1,039",22,2.12%,14.70,14.15,"1,243",95.90%
11/10/24,skylandh5games.site,Spain,855,18,2.11%,12.60,14.74,895,98.10%
11/10/24,skylandh5games.site,Ukraine,0,0,0.00%,0.00,0.00,5,100.00%
11/10/24,skylandh5games.site,United Kingdom,822,19,2.31%,21.78,26.50,868,98.39%
11/10/24,skylandh5games.site,United States,"2,961",60,2.03%,115.59,39.04,"3,922",87.51%
11/10/24,vanguardh5.site,N/A,30,0,0.00%,0.02,0.65,38,100.00%
11/10/24,vanguardh5.site,Antigua and Barbuda,5,0,0.00%,0.01,1.44,6,100.00%
11/10/24,vanguardh5.site,Bermuda,10,0,0.00%,0.07,7.18,12,100.00%
11/10/24,vanguardh5.site,Brazil,"1,916",40,2.09%,8.40,4.38,"2,646",94.56%
11/10/24,vanguardh5.site,Canada,"5,240",126,2.40%,195.15,37.24,"7,747",92.11%
11/10/24,vanguardh5.site,Finland,"1,621",46,2.84%,69.62,42.95,"2,008",86.30%
11/10/24,vanguardh5.site,France,"6,402",132,2.06%,137.53,21.48,"7,000",97.09%
11/10/24,vanguardh5.site,French Guiana,30,1,3.33%,0.14,4.60,31,100.00%
11/10/24,vanguardh5.site,Germany,"5,946",173,2.91%,160.09,26.92,"6,589",95.74%
11/10/24,vanguardh5.site,Greece,"4,157",97,2.33%,38.00,9.14,"4,699",94.81%
11/10/24,vanguardh5.site,Indonesia,690,19,2.75%,1.11,1.61,"1,049",85.89%
11/10/24,vanguardh5.site,Iraq,5,0,0.00%,0.01,1.20,6,100.00%
11/10/24,vanguardh5.site,Italy,5,0,0.00%,0.06,12.70,5,100.00%
11/10/24,vanguardh5.site,Japan,"1,379",34,2.47%,37.74,27.37,"2,030",87.64%
11/10/24,vanguardh5.site,Netherlands,"1,496",35,2.34%,55.23,36.92,"1,713",94.57%
11/10/24,vanguardh5.site,Niger,3,0,0.00%,0.00,0.33,0,0.00%
11/10/24,vanguardh5.site,Nigeria,5,0,0.00%,0.01,1.15,6,100.00%
11/10/24,vanguardh5.site,Portugal,"2,694",80,2.97%,24.47,9.08,"3,367",85.42%
11/10/24,vanguardh5.site,"Saint Helena, Ascension and Tristan da Cunha",6,1,16.67%,0.00,0.70,8,100.00%
11/10/24,vanguardh5.site,Saint Kitts and Nevis,3,0,0.00%,0.00,0.99,4,100.00%
11/10/24,vanguardh5.site,Spain,3,0,0.00%,0.03,9.85,4,100.00%
11/10/24,vanguardh5.site,Switzerland,"1,444",36,2.49%,69.28,47.98,"1,701",91.01%
11/10/24,vanguardh5.site,United Arab Emirates,3,0,0.00%,0.00,0.91,4,100.00%
11/10/24,vanguardh5.site,Ukraine,5,0,0.00%,0.02,3.16,6,100.00%
11/10/24,vanguardh5.site,United Kingdom,"4,434",98,2.21%,131.09,29.57,"4,972",95.15%
11/10/24,vanguardh5.site,United States,"3,877",108,2.79%,161.28,41.60,"6,085",85.23%
11/10/24,vanguardh5.site,U.S. Virgin Islands,3,0,0.00%,0.02,7.05,4,100.00%
11/10/24,vanguardh5.site,Venezuela,3,0,0.00%,0.00,0.83,4,100.00%
11/11/24,cloudgaminghub.site,N/A,70,0,0.00%,0.42,5.99,100,86.00%
11/11/24,cloudgaminghub.site,Australia,"2,178",50,2.30%,64.55,29.64,"2,997",87.49%
11/11/24,cloudgaminghub.site,Armenia,4,0,0.00%,0.01,1.60,5,100.00%
11/11/24,cloudgaminghub.site,Brazil,"3,334",67,2.01%,16.72,5.01,"4,526",88.05%
11/11/24,cloudgaminghub.site,Canada,"1,745",38,2.18%,61.30,35.13,"2,811",84.20%
11/11/24,cloudgaminghub.site,China,0,0,0.00%,0.00,0.00,8,25.00%
11/11/24,cloudgaminghub.site,Costa Rica,0,0,0.00%,0.00,0.00,5,100.00%
11/11/24,cloudgaminghub.site,Finland,462,12,2.60%,13.22,28.61,520,99.81%
11/11/24,cloudgaminghub.site,France,"2,199",54,2.46%,55.09,25.05,"3,534",83.87%
11/11/24,cloudgaminghub.site,French Guiana,17,0,0.00%,0.09,5.10,19,100.00%
11/11/24,cloudgaminghub.site,Germany,765,22,2.88%,53.59,70.05,"1,217",87.92%
11/11/24,cloudgaminghub.site,Greece,"2,417",67,2.77%,19.51,8.07,"3,316",84.80%
11/11/24,cloudgaminghub.site,Indonesia,13,0,0.00%,0.02,1.24,17,100.00%
11/11/24,cloudgaminghub.site,Iraq,6,0,0.00%,0.01,0.96,10,80.00%
11/11/24,cloudgaminghub.site,Italy,"3,903",102,2.61%,55.75,14.28,"6,426",75.07%
11/11/24,cloudgaminghub.site,Jamaica,6,0,0.00%,0.03,5.73,7,100.00%
11/11/24,cloudgaminghub.site,Jordan,3,0,0.00%,0.01,4.22,5,80.00%
11/11/24,cloudgaminghub.site,Martinique,4,0,0.00%,0.01,3.38,5,100.00%
11/11/24,cloudgaminghub.site,Morocco,6,0,0.00%,0.01,2.01,7,85.71%
11/11/24,cloudgaminghub.site,Netherlands,"5,358",152,2.84%,187.58,35.01,"8,469",76.48%
11/11/24,cloudgaminghub.site,Romania,4,0,0.00%,0.03,7.43,5,100.00%
11/11/24,cloudgaminghub.site,Saint Kitts and Nevis,3,0,0.00%,0.00,0.91,5,80.00%
11/11/24,cloudgaminghub.site,Singapore,"6,458",138,2.14%,116.27,18.00,"10,442",83.29%
11/11/24,cloudgaminghub.site,Switzerland,832,15,1.80%,50.56,60.77,"1,190",91.60%
11/11/24,cloudgaminghub.site,United Arab Emirates,3,0,0.00%,0.00,1.34,5,80.00%
11/11/24,cloudgaminghub.site,United Kingdom,"1,086",33,3.04%,38.07,35.06,"1,796",90.70%
11/11/24,cloudgaminghub.site,United States,"1,561",38,2.43%,67.43,43.20,"2,396",79.84%
11/11/24,funtimeh5.site,N/A,95,5,5.26%,0.15,1.58,116,99.14%
11/11/24,funtimeh5.site,Antigua and Barbuda,12,0,0.00%,0.01,1.01,14,100.00%
11/11/24,funtimeh5.site,Australia,"2,566",56,2.18%,68.94,26.87,"3,586",89.40%
11/11/24,funtimeh5.site,Armenia,4,1,25.00%,0.00,0.72,4,100.00%
11/11/24,funtimeh5.site,Brazil,876,17,1.94%,4.23,4.83,"1,069",97.38%
11/11/24,funtimeh5.site,Canada,653,18,2.76%,19.02,29.13,843,95.02%
11/11/24,funtimeh5.site,Chile,722,10,1.39%,3.00,4.16,861,98.37%
11/11/24,funtimeh5.site,China,11,0,0.00%,0.02,1.92,20,100.00%
11/11/24,funtimeh5.site,Czechia,3,0,0.00%,0.00,0.62,4,100.00%
11/11/24,funtimeh5.site,France,"2,307",58,2.51%,49.83,21.60,"2,535",95.27%
11/11/24,funtimeh5.site,French Guiana,3,0,0.00%,0.01,1.81,3,100.00%
11/11/24,funtimeh5.site,Germany,832,28,3.37%,20.42,24.54,903,95.79%
11/11/24,funtimeh5.site,Greece,"2,307",69,2.99%,18.08,7.84,"2,561",94.10%
11/11/24,funtimeh5.site,Guyana,2,0,0.00%,0.00,1.04,3,100.00%
11/11/24,funtimeh5.site,Iraq,3,0,0.00%,0.00,0.27,4,100.00%
11/11/24,funtimeh5.site,Italy,"2,569",76,2.96%,33.90,13.19,"2,875",93.43%
11/11/24,funtimeh5.site,Jamaica,9,1,11.11%,0.02,2.54,12,100.00%
11/11/24,funtimeh5.site,Japan,"3,367",77,2.29%,81.44,24.19,"4,552",88.05%
11/11/24,funtimeh5.site,Kenya,18,0,0.00%,0.01,0.44,22,100.00%
11/11/24,funtimeh5.site,Latvia,2,0,0.00%,0.02,8.93,2,100.00%
11/11/24,funtimeh5.site,Mexico,5,0,0.00%,0.01,1.86,8,100.00%
11/11/24,funtimeh5.site,Netherlands,"4,074",119,2.92%,125.16,30.72,"4,484",94.87%
11/11/24,funtimeh5.site,Philippines,3,0,0.00%,0.00,0.10,4,100.00%
11/11/24,funtimeh5.site,Puerto Rico,3,0,0.00%,0.01,3.72,4,100.00%
11/11/24,funtimeh5.site,Romania,8,1,12.50%,0.03,3.98,11,100.00%
11/11/24,funtimeh5.site,Singapore,"2,682",59,2.20%,41.71,15.55,"3,476",93.01%
11/11/24,funtimeh5.site,Spain,800,24,3.00%,9.07,11.33,870,94.83%
11/11/24,funtimeh5.site,Switzerland,"2,714",84,3.10%,132.82,48.94,"3,035",93.54%
11/11/24,funtimeh5.site,United Arab Emirates,12,0,0.00%,0.03,2.17,12,100.00%
11/11/24,funtimeh5.site,Ukraine,3,0,0.00%,0.01,3.51,4,100.00%
11/11/24,funtimeh5.site,United Kingdom,"3,209",95,2.96%,74.68,23.27,"3,484",96.01%
11/11/24,funtimeh5.site,United States,"7,900",163,2.06%,287.05,36.34,"11,300",89.50%
11/11/24,funtimeh5.site,Venezuela,3,0,0.00%,0.00,0.90,4,100.00%
11/11/24,skylandh5games.site,N/A,3,0,0.00%,0.00,0.27,7,42.86%
11/11/24,skylandh5games.site,Australia,"1,331",34,2.55%,33.40,25.09,"1,641",92.75%
11/11/24,skylandh5games.site,Austria,"7,276",236,3.24%,245.47,33.74,"8,534",88.73%
11/11/24,skylandh5games.site,Belgium,"5,626",164,2.92%,140.29,24.94,"6,701",87.20%
11/11/24,skylandh5games.site,Brazil,"1,107",15,1.36%,5.23,4.72,"1,281",97.66%
11/11/24,skylandh5games.site,Cameroon,5,0,0.00%,0.01,2.78,5,100.00%
11/11/24,skylandh5games.site,Canada,597,10,1.68%,17.44,29.22,756,93.65%
11/11/24,skylandh5games.site,Chile,"1,072",15,1.40%,5.83,5.44,"1,232",99.35%
11/11/24,skylandh5games.site,China,11,0,0.00%,0.03,2.88,14,100.00%
11/11/24,skylandh5games.site,Estonia,6,0,0.00%,0.12,19.57,6,100.00%
11/11/24,skylandh5games.site,France,"1,210",31,2.56%,29.27,24.19,"1,321",95.16%
11/11/24,skylandh5games.site,Germany,"2,915",72,2.47%,99.14,34.01,"3,131",95.53%
11/11/24,skylandh5games.site,Greece,"3,305",106,3.21%,28.72,8.69,"3,946",87.35%
11/11/24,skylandh5games.site,Italy,"4,501",144,3.20%,66.76,14.83,"5,679",82.18%
11/11/24,skylandh5games.site,Jamaica,4,0,0.00%,0.01,2.78,5,100.00%
11/11/24,skylandh5games.site,Latvia,5,1,20.00%,0.07,14.85,5,100.00%
11/11/24,skylandh5games.site,Luxembourg,6,0,0.00%,0.09,15.75,6,100.00%
11/11/24,skylandh5games.site,Romania,4,1,25.00%,0.02,6.08,4,100.00%
11/11/24,skylandh5games.site,Singapore,"2,196",41,1.87%,35.62,16.22,"2,669",94.30%
11/11/24,skylandh5games.site,Spain,"1,183",30,2.54%,18.86,15.95,"1,275",95.53%
11/11/24,skylandh5games.site,Ukraine,0,0,0.00%,0.00,0.00,5,100.00%
11/11/24,skylandh5games.site,United Kingdom,836,22,2.63%,21.95,26.25,925,94.70%
11/11/24,skylandh5games.site,United States,"2,058",50,2.43%,80.48,39.11,"2,776",85.88%
11/11/24,skylandh5games.site,Venezuela,7,0,0.00%,0.01,0.74,7,100.00%
11/11/24,vanguardh5.site,N/A,21,1,4.76%,0.03,1.59,29,96.55%
11/11/24,vanguardh5.site,Armenia,5,0,0.00%,0.02,3.64,6,100.00%
11/11/24,vanguardh5.site,Belgium,5,0,0.00%,0.07,13.42,5,100.00%
11/11/24,vanguardh5.site,Bermuda,2,0,0.00%,0.01,4.85,2,100.00%
11/11/24,vanguardh5.site,Brazil,"2,933",69,2.35%,15.22,5.19,"3,994",91.41%
11/11/24,vanguardh5.site,Myanmar (Burma),3,0,0.00%,0.00,0.22,4,100.00%
11/11/24,vanguardh5.site,Canada,"4,322",116,2.68%,154.32,35.71,"6,205",94.73%
11/11/24,vanguardh5.site,China,3,0,0.00%,0.00,0.23,4,100.00%
11/11/24,vanguardh5.site,Finland,"1,128",44,3.90%,43.89,38.91,"1,636",73.29%
11/11/24,vanguardh5.site,France,"4,744",117,2.47%,92.97,19.60,"5,562",90.99%
11/11/24,vanguardh5.site,French Guiana,18,0,0.00%,0.10,5.64,18,100.00%
11/11/24,vanguardh5.site,Germany,"4,749",125,2.63%,119.11,25.08,"5,392",93.92%
11/11/24,vanguardh5.site,Greece,"4,804",149,3.10%,41.04,8.54,"6,382",81.31%
11/11/24,vanguardh5.site,India,5,0,0.00%,0.01,1.29,6,100.00%
11/11/24,vanguardh5.site,Indonesia,657,23,3.50%,1.08,1.64,"1,039",81.23%
11/11/24,vanguardh5.site,Italy,13,0,0.00%,0.17,13.00,19,100.00%
11/11/24,vanguardh5.site,Japan,"1,238",40,3.23%,34.20,27.62,"1,932",82.71%
11/11/24,vanguardh5.site,Latvia,30,0,0.00%,0.45,14.84,31,100.00%
11/11/24,vanguardh5.site,Mauritius,2,0,0.00%,0.01,2.60,4,100.00%
11/11/24,vanguardh5.site,Netherlands,"1,436",39,2.72%,41.81,29.12,"1,678",90.52%
11/11/24,vanguardh5.site,Portugal,"3,370",107,3.18%,28.81,8.55,"4,641",78.50%
11/11/24,vanguardh5.site,Romania,3,0,0.00%,0.02,5.94,3,100.00%
11/11/24,vanguardh5.site,Spain,3,0,0.00%,0.02,6.69,3,100.00%
11/11/24,vanguardh5.site,Switzerland,955,26,2.72%,47.75,50.00,"1,148",88.41%
11/11/24,vanguardh5.site,United Arab Emirates,3,0,0.00%,0.02,5.93,4,100.00%
11/11/24,vanguardh5.site,United Kingdom,"3,292",85,2.58%,85.29,25.91,"3,852",91.23%
11/11/24,vanguardh5.site,United States,"2,964",87,2.94%,124.62,42.05,"4,777",81.47%
11/12/24,cloudgaminghub.site,N/A,69,2,2.90%,0.07,1.03,101,81.19%
11/12/24,cloudgaminghub.site,Australia,"1,222",31,2.54%,38.49,31.49,"1,824",78.95%
11/12/24,cloudgaminghub.site,Brazil,"3,199",87,2.72%,16.73,5.23,"5,016",74.30%
11/12/24,cloudgaminghub.site,Myanmar (Burma),7,0,0.00%,0.00,0.56,7,100.00%
11/12/24,cloudgaminghub.site,Canada,"1,098",30,2.73%,48.88,44.51,"1,880",69.79%
11/12/24,cloudgaminghub.site,China,6,0,0.00%,0.01,1.16,41,58.54%
11/12/24,cloudgaminghub.site,Estonia,7,0,0.00%,0.77,109.51,7,100.00%
11/12/24,cloudgaminghub.site,Finland,505,9,1.78%,13.47,26.68,582,99.31%
11/12/24,cloudgaminghub.site,France,"1,517",34,2.24%,38.44,25.34,"2,424",73.56%
11/12/24,cloudgaminghub.site,Germany,660,17,2.58%,43.66,66.15,950,80.53%
11/12/24,cloudgaminghub.site,Greece,"3,789",121,3.19%,32.84,8.67,"5,531",79.48%
11/12/24,cloudgaminghub.site,Indonesia,3,0,0.00%,0.00,1.18,5,80.00%
11/12/24,cloudgaminghub.site,Italy,"6,616",160,2.42%,108.88,16.46,"10,309",74.97%
11/12/24,cloudgaminghub.site,Latvia,4,1,25.00%,0.03,7.12,5,100.00%
11/12/24,cloudgaminghub.site,Netherlands,"3,173",98,3.09%,117.03,36.88,"5,240",72.18%
11/12/24,cloudgaminghub.site,Pakistan,3,0,0.00%,0.00,1.46,5,60.00%
11/12/24,cloudgaminghub.site,Singapore,"7,803",192,2.46%,152.51,19.54,"12,395",73.34%
11/12/24,cloudgaminghub.site,Vietnam,13,0,0.00%,0.01,0.66,18,83.33%
11/12/24,cloudgaminghub.site,Switzerland,786,19,2.42%,47.87,60.90,"1,140",79.12%
11/12/24,cloudgaminghub.site,United Arab Emirates,6,0,0.00%,0.02,3.17,7,85.71%
11/12/24,cloudgaminghub.site,Turkiye,4,0,0.00%,0.00,0.90,5,100.00%
11/12/24,cloudgaminghub.site,Ukraine,3,0,0.00%,0.00,0.49,5,80.00%
11/12/24,cloudgaminghub.site,United Kingdom,927,23,2.48%,32.17,34.70,"1,502",72.70%
11/12/24,cloudgaminghub.site,United States,907,26,2.87%,47.39,52.25,"1,469",73.66%
11/12/24,funtimeh5.site,N/A,87,4,4.60%,0.16,1.88,106,100.00%
11/12/24,funtimeh5.site,Australia,"1,785",50,2.80%,54.03,30.27,"2,537",83.80%
11/12/24,funtimeh5.site,Brazil,856,14,1.64%,4.07,4.76,"1,066",94.65%
11/12/24,funtimeh5.site,Canada,627,17,2.71%,24.93,39.76,858,85.78%
11/12/24,funtimeh5.site,Chile,692,11,1.59%,2.67,3.86,843,96.44%
11/12/24,funtimeh5.site,China,21,0,0.00%,0.07,3.28,25,96.00%
11/12/24,funtimeh5.site,Croatia,6,1,16.67%,0.04,7.33,6,100.00%
11/12/24,funtimeh5.site,Estonia,5,0,0.00%,0.18,35.76,5,100.00%
11/12/24,funtimeh5.site,France,"2,254",62,2.75%,56.88,25.23,"2,457",95.03%
11/12/24,funtimeh5.site,Germany,808,23,2.85%,24.01,29.71,880,94.77%
11/12/24,funtimeh5.site,Greece,"2,218",69,3.11%,18.31,8.26,"2,444",95.01%
11/12/24,funtimeh5.site,Hungary,5,0,0.00%,0.28,56.02,5,100.00%
11/12/24,funtimeh5.site,India,2,1,50.00%,0.05,25.69,2,100.00%
11/12/24,funtimeh5.site,Indonesia,0,0,0.00%,0.00,0.00,4,25.00%
11/12/24,funtimeh5.site,Iraq,3,0,0.00%,0.00,0.85,4,100.00%
11/12/24,funtimeh5.site,Italy,"4,372",116,2.65%,63.86,14.61,"4,953",92.07%
11/12/24,funtimeh5.site,Jamaica,3,0,0.00%,0.03,10.46,4,100.00%
11/12/24,funtimeh5.site,Japan,"3,794",106,2.79%,103.45,27.27,"5,135",87.01%
11/12/24,funtimeh5.site,Kenya,21,0,0.00%,0.01,0.64,24,100.00%
11/12/24,funtimeh5.site,Latvia,3,0,0.00%,0.02,6.49,3,100.00%
11/12/24,funtimeh5.site,Netherlands,"2,841",85,2.99%,102.56,36.10,"3,108",95.01%
11/12/24,funtimeh5.site,Sint Maarten,3,1,33.33%,0.01,2.23,4,100.00%
11/12/24,funtimeh5.site,New Zealand,3,0,0.00%,0.00,0.38,4,100.00%
11/12/24,funtimeh5.site,Philippines,3,0,0.00%,0.00,0.27,4,100.00%
11/12/24,funtimeh5.site,Romania,3,0,0.00%,0.02,7.90,3,100.00%
11/12/24,funtimeh5.site,Saint Kitts and Nevis,3,0,0.00%,0.00,0.97,4,100.00%
11/12/24,funtimeh5.site,Singapore,"4,816",113,2.35%,85.17,17.68,"6,154",91.45%
11/12/24,funtimeh5.site,Spain,775,22,2.84%,10.29,13.28,858,93.24%
11/12/24,funtimeh5.site,Switzerland,"1,709",56,3.28%,95.19,55.70,"1,865",95.50%
11/12/24,funtimeh5.site,United Arab Emirates,6,1,16.67%,0.00,0.75,8,100.00%
11/12/24,funtimeh5.site,Turkiye,6,0,0.00%,0.01,2.03,6,100.00%
11/12/24,funtimeh5.site,United Kingdom,"4,436",125,2.82%,142.51,32.12,"4,879",94.53%
11/12/24,funtimeh5.site,United States,"5,999",129,2.15%,268.64,44.78,"8,340",85.80%
11/12/24,skylandh5games.site,N/A,13,1,7.69%,0.04,2.90,16,93.75%
11/12/24,skylandh5games.site,Antigua and Barbuda,11,0,0.00%,0.04,3.51,12,100.00%
11/12/24,skylandh5games.site,Australia,"1,282",26,2.03%,44.03,34.35,"1,675",88.00%
11/12/24,skylandh5games.site,Austria,"5,032",220,4.37%,140.33,27.89,"6,129",84.92%
11/12/24,skylandh5games.site,Belgium,"4,292",154,3.59%,103.04,24.01,"5,101",87.12%
11/12/24,skylandh5games.site,Brazil,989,15,1.52%,5.01,5.07,"1,260",89.37%
11/12/24,skylandh5games.site,Cambodia,4,0,0.00%,0.00,1.25,5,100.00%
11/12/24,skylandh5games.site,Canada,575,11,1.91%,21.93,38.13,797,83.31%
11/12/24,skylandh5games.site,Chile,"1,009",22,2.18%,4.12,4.08,"1,242",92.91%
11/12/24,skylandh5games.site,China,8,0,0.00%,0.02,2.10,10,100.00%
11/12/24,skylandh5games.site,Croatia,6,0,0.00%,0.04,6.48,6,100.00%
11/12/24,skylandh5games.site,France,"1,161",31,2.67%,31.66,27.27,"1,319",90.90%
11/12/24,skylandh5games.site,Germany,"2,912",76,2.61%,109.43,37.58,"3,139",95.38%
11/12/24,skylandh5games.site,Greece,"3,071",105,3.42%,28.77,9.37,"3,938",80.80%
11/12/24,skylandh5games.site,Hungary,4,0,0.00%,0.08,18.94,4,100.00%
11/12/24,skylandh5games.site,Indonesia,2,0,0.00%,0.00,0.93,2,100.00%
11/12/24,skylandh5games.site,Italy,"5,473",193,3.53%,90.58,16.55,"7,743",73.49%
11/12/24,skylandh5games.site,Jamaica,8,0,0.00%,0.03,4.21,10,100.00%
11/12/24,skylandh5games.site,Libya,4,0,0.00%,0.00,0.28,5,100.00%
11/12/24,skylandh5games.site,Singapore,"2,698",71,2.63%,42.45,15.73,"3,540",87.40%
11/12/24,skylandh5games.site,Spain,"2,534",73,2.88%,39.92,15.75,"2,864",91.20%
11/12/24,skylandh5games.site,Sweden,4,0,0.00%,0.08,19.42,4,100.00%
11/12/24,skylandh5games.site,Ukraine,5,0,0.00%,0.01,1.04,7,100.00%
11/12/24,skylandh5games.site,United Kingdom,854,22,2.58%,27.43,32.12,918,94.99%
11/12/24,skylandh5games.site,United States,"1,811",46,2.54%,86.01,47.49,"2,606",80.66%
11/12/24,vanguardh5.site,N/A,36,0,0.00%,0.03,0.95,47,100.00%
11/12/24,vanguardh5.site,Brazil,"3,671",93,2.53%,20.02,5.45,"5,736",81.71%
11/12/24,vanguardh5.site,Canada,"4,061",119,2.93%,180.44,44.43,"6,491",83.64%
11/12/24,vanguardh5.site,China,6,0,0.00%,0.01,2.04,8,100.00%
11/12/24,vanguardh5.site,Democratic Republic of the Congo,3,0,0.00%,0.00,1.43,4,100.00%
11/12/24,vanguardh5.site,Costa Rica,3,0,0.00%,0.02,6.31,4,100.00%
11/12/24,vanguardh5.site,Croatia,5,0,0.00%,0.05,10.31,5,100.00%
11/12/24,vanguardh5.site,Czechia,5,1,20.00%,0.13,25.60,5,100.00%
11/12/24,vanguardh5.site,Finland,"1,070",42,3.93%,44.03,41.15,"1,658",70.08%
11/12/24,vanguardh5.site,France,"3,895",106,2.72%,87.63,22.50,"4,920",84.23%
11/12/24,vanguardh5.site,French Guiana,19,0,0.00%,0.12,6.28,19,100.00%
11/12/24,vanguardh5.site,Germany,"4,394",115,2.62%,130.82,29.77,"5,140",91.56%
11/12/24,vanguardh5.site,Greece,"5,459",176,3.22%,51.49,9.43,"8,035",74.28%
11/12/24,vanguardh5.site,Guadeloupe,3,0,0.00%,0.01,3.15,3,100.00%
11/12/24,vanguardh5.site,Hungary,3,1,33.33%,0.03,8.46,4,100.00%
11/12/24,vanguardh5.site,India,3,0,0.00%,0.01,1.98,3,100.00%
11/12/24,vanguardh5.site,Indonesia,661,22,3.33%,1.04,1.57,"1,151",73.68%
11/12/24,vanguardh5.site,Iraq,8,0,0.00%,0.01,1.73,10,100.00%
11/12/24,vanguardh5.site,Italy,6,0,0.00%,0.08,13.82,6,100.00%
11/12/24,vanguardh5.site,Japan,"1,232",39,3.17%,39.51,32.07,"2,099",77.08%
11/12/24,vanguardh5.site,Latvia,84,2,2.38%,1.06,12.64,87,100.00%
11/12/24,vanguardh5.site,Mozambique,3,0,0.00%,0.00,0.45,4,100.00%
11/12/24,vanguardh5.site,Netherlands,"1,360",40,2.94%,46.17,33.95,"1,617",90.23%
11/12/24,vanguardh5.site,Pakistan,11,0,0.00%,0.01,0.92,14,100.00%
11/12/24,vanguardh5.site,Portugal,"4,561",137,3.00%,45.11,9.89,"6,211",79.46%
11/12/24,vanguardh5.site,South Africa,3,0,0.00%,0.03,9.95,4,100.00%
11/12/24,vanguardh5.site,Switzerland,918,24,2.61%,51.16,55.73,"1,040",93.65%
11/12/24,vanguardh5.site,United Arab Emirates,13,1,7.69%,0.14,10.63,16,100.00%
11/12/24,vanguardh5.site,Ukraine,5,0,0.00%,0.02,3.04,6,100.00%
11/12/24,vanguardh5.site,United Kingdom,"3,014",88,2.92%,87.52,29.04,"3,579",90.05%
11/12/24,vanguardh5.site,United States,"3,007",93,3.09%,134.80,44.83,"4,835",80.58%
Total,,,"1,733,801","47,097",2.72%,"40,019.38",23.08,"2,332,162",87.29%
